video_id,hole_id,airflow_rate,delta_T,pressure_Pa,material,session,source_dataset_key
temp_2025-10-28-12-28-6_23_29_6_,1,6.55011,6.0,2.0,gypsum,gypsum_10hole,gypsum_10holes_0903
temp_2025-10-28-13-46-8_23_29_6_,1,6.55011,6.0,2.0,gypsum,gypsum_10hole,gypsum_10holes_0903
temp_2025-10-28-14-41-13_23_29_6_,1,6.55011,6.0,2.0,gypsum,gypsum_10hole,gypsum_10holes_0903
temp_2025-10-29-11-44-36_23_29_6_,1,6.55011,6.0,2.0,gypsum,gypsum_10hole,gypsum_10holes_0903
temp_2025-10-28-12-28-6_23_29_6_,10,9.01801,6.0,2.0,gypsum,gypsum_10hole,gypsum_10holes_0903
temp_2025-10-28-13-46-8_23_29_6_,10,9.01801,6.0,2.0,gypsum,gypsum_10hole,gypsum_10holes_0903
temp_2025-10-28-14-41-13_23_29_6_,10,9.01801,6.0,2.0,gypsum,gypsum_10hole,gypsum_10holes_0903
temp_2025-10-29-11-44-36_23_29_6_,10,9.01801,6.0,2.0,gypsum,gypsum_10hole,gypsum_10holes_0903
temp_2025-10-28-12-28-6_23_29_6_,2,1.53848,6.0,2.0,gypsum,gypsum_10hole,gypsum_10holes_0903
temp_2025-10-28-13-46-8_23_29_6_,2,1.53848,6.0,2.0,gypsum,gypsum_10hole,gypsum_10holes_0903
temp_2025-10-28-14-41-13_23_29_6_,2,1.53848,6.0,2.0,gypsum,gypsum_10hole,gypsum_10holes_0903
temp_2025-10-29-11-44-36_23_29_6_,2,1.53848,6.0,2.0,gypsum,gypsum_10hole,gypsum_10holes_0903
temp_2025-10-28-12-28-6_23_29_6_,3,0.83126,6.0,2.0,gypsum,gypsum_10hole,gypsum_10holes_0903
temp_2025-10-28-13-46-8_23_29_6_,3,0.83126,6.0,2.0,gypsum,gypsum_10hole,gypsum_10holes_0903
temp_2025-10-28-14-41-13_23_29_6_,3,0.83126,6.0,2.0,gypsum,gypsum_10hole,gypsum_10holes_0903
temp_2025-10-29-11-44-36_23_29_6_,3,0.83126,6.0,2.0,gypsum,gypsum_10hole,gypsum_10holes_0903
temp_2025-10-28-12-28-6_23_29_6_,4,0.66954,6.0,2.0,gypsum,gypsum_10hole,gypsum_10holes_0903
temp_2025-10-28-13-46-8_23_29_6_,4,0.66954,6.0,2.0,gypsum,gypsum_10hole,gypsum_10holes_0903
temp_2025-10-28-14-41-13_23_29_6_,4,0.66954,6.0,2.0,gypsum,gypsum_10hole,gypsum_10holes_0903
temp_2025-10-29-11-44-36_23_29_6_,4,0.66954,6.0,2.0,gypsum,gypsum_10hole,gypsum_10holes_0903
temp_2025-10-28-12-28-6_23_29_6_,5,0.15353,6.0,2.0,gypsum,gypsum_10hole,gypsum_10holes_0903
temp_2025-10-28-13-46-8_23_29_6_,5,0.15353,6.0,2.0,gypsum,gypsum_10hole,gypsum_10holes_0903
temp_2025-10-28-14-41-13_23_29_6_,5,0.15353,6.0,2.0,gypsum,gypsum_10hole,gypsum_10holes_0903
temp_2025-10-29-11-44-36_23_29_6_,5,0.15353,6.0,2.0,gypsum,gypsum_10hole,gypsum_10holes_0903
temp_2025-10-28-12-28-6_23_29_6_,6,1.40111,6.0,2.0,gypsum,gypsum_10hole,gypsum_10holes_0903
temp_2025-10-28-13-46-8_23_29_6_,6,1.40111,6.0,2.0,gypsum,gypsum_10hole,gypsum_10holes_0903
temp_2025-10-28-14-41-13_23_29_6_,6,1.40111,6.0,2.0,gypsum,gypsum_10hole,gypsum_10holes_0903
temp_2025-10-29-11-44-36_23_29_6_,6,1.40111,6.0,2.0,gypsum,gypsum_10hole,gypsum_10holes_0903
temp_2025-10-28-12-28-6_23_29_6_,7,0.80081,6.0,2.0,gypsum,gypsum_10hole,gypsum_10holes_0903
temp_2025-10-28-13-46-8_23_29_6_,7,0.80081,6.0,2.0,gypsum,gypsum_10hole,gypsum_10holes_0903
temp_2025-10-28-14-41-13_23_29_6_,7,0.80081,6.0,2.0,gypsum,gypsum_10hole,gypsum_10holes_0903
temp_2025-10-29-11-44-36_23_29_6_,7,0.80081,6.0,2.0,gypsum,gypsum_10hole,gypsum_10holes_0903
temp_2025-10-28-12-28-6_23_29_6_,8,1.05574,6.0,2.0,gypsum,gypsum_10hole,gypsum_10holes_0903
temp_2025-10-28-13-46-8_23_29_6_,8,1.05574,6.0,2.0,gypsum,gypsum_10hole,gypsum_10holes_0903
temp_2025-10-28-14-41-13_23_29_6_,8,1.05574,6.0,2.0,gypsum,gypsum_10hole,gypsum_10holes_0903
temp_2025-10-29-11-44-36_23_29_6_,8,1.05574,6.0,2.0,gypsum,gypsum_10hole,gypsum_10holes_0903
temp_2025-10-28-12-28-6_23_29_6_,9,0.32839,6.0,2.0,gypsum,gypsum_10hole,gypsum_10holes_0903
temp_2025-10-28-13-46-8_23_29_6_,9,0.32839,6.0,2.0,gypsum,gypsum_10hole,gypsum_10holes_0903
temp_2025-10-28-14-41-13_23_29_6_,9,0.32839,6.0,2.0,gypsum,gypsum_10hole,gypsum_10holes_0903
temp_2025-10-29-11-44-36_23_29_6_,9,0.32839,6.0,2.0,gypsum,gypsum_10hole,gypsum_10holes_0903
temp_2025-10-28-12-23-45_23_31_8_,1,6.55011,8.0,2.0,gypsum,gypsum_10hole,gypsum_10holes_0903
temp_2025-10-28-13-42-6_23_31_8_,1,6.55011,8.0,2.0,gypsum,gypsum_10hole,gypsum_10holes_0903
temp_2025-10-28-14-36-45_23_31_8_,1,6.55011,8.0,2.0,gypsum,gypsum_10hole,gypsum_10holes_0903
temp_2025-10-29-11-40-25_23_31_8_,1,6.55011,8.0,2.0,gypsum,gypsum_10hole,gypsum_10holes_0903
temp_2025-10-28-12-23-45_23_31_8_,10,9.01801,8.0,2.0,gypsum,gypsum_10hole,gypsum_10holes_0903
temp_2025-10-28-13-42-6_23_31_8_,10,9.01801,8.0,2.0,gypsum,gypsum_10hole,gypsum_10holes_0903
temp_2025-10-28-14-36-45_23_31_8_,10,9.01801,8.0,2.0,gypsum,gypsum_10hole,gypsum_10holes_0903
temp_2025-10-29-11-40-25_23_31_8_,10,9.01801,8.0,2.0,gypsum,gypsum_10hole,gypsum_10holes_0903
temp_2025-10-28-12-23-45_23_31_8_,2,1.53848,8.0,2.0,gypsum,gypsum_10hole,gypsum_10holes_0903
temp_2025-10-28-13-42-6_23_31_8_,2,1.53848,8.0,2.0,gypsum,gypsum_10hole,gypsum_10holes_0903
temp_2025-10-28-14-36-45_23_31_8_,2,1.53848,8.0,2.0,gypsum,gypsum_10hole,gypsum_10holes_0903
temp_2025-10-29-11-40-25_23_31_8_,2,1.53848,8.0,2.0,gypsum,gypsum_10hole,gypsum_10holes_0903
temp_2025-10-28-12-23-45_23_31_8_,3,0.83126,8.0,2.0,gypsum,gypsum_10hole,gypsum_10holes_0903
temp_2025-10-28-13-42-6_23_31_8_,3,0.83126,8.0,2.0,gypsum,gypsum_10hole,gypsum_10holes_0903
temp_2025-10-28-14-36-45_23_31_8_,3,0.83126,8.0,2.0,gypsum,gypsum_10hole,gypsum_10holes_0903
temp_2025-10-29-11-40-25_23_31_8_,3,0.83126,8.0,2.0,gypsum,gypsum_10hole,gypsum_10holes_0903
temp_2025-10-28-12-23-45_23_31_8_,4,0.66954,8.0,2.0,gypsum,gypsum_10hole,gypsum_10holes_0903
temp_2025-10-28-13-42-6_23_31_8_,4,0.66954,8.0,2.0,gypsum,gypsum_10hole,gypsum_10holes_0903
temp_2025-10-28-14-36-45_23_31_8_,4,0.66954,8.0,2.0,gypsum,gypsum_10hole,gypsum_10holes_0903
temp_2025-10-29-11-40-25_23_31_8_,4,0.66954,8.0,2.0,gypsum,gypsum_10hole,gypsum_10holes_0903
temp_2025-10-28-12-23-45_23_31_8_,5,0.15353,8.0,2.0,gypsum,gypsum_10hole,gypsum_10holes_0903
temp_2025-10-28-13-42-6_23_31_8_,5,0.15353,8.0,2.0,gypsum,gypsum_10hole,gypsum_10holes_0903
temp_2025-10-28-14-36-45_23_31_8_,5,0.15353,8.0,2.0,gypsum,gypsum_10hole,gypsum_10holes_0903
temp_2025-10-29-11-40-25_23_31_8_,5,0.15353,8.0,2.0,gypsum,gypsum_10hole,gypsum_10holes_0903
temp_2025-10-28-12-23-45_23_31_8_,6,1.40111,8.0,2.0,gypsum,gypsum_10hole,gypsum_10holes_0903
temp_2025-10-28-13-42-6_23_31_8_,6,1.40111,8.0,2.0,gypsum,gypsum_10hole,gypsum_10holes_0903
temp_2025-10-28-14-36-45_23_31_8_,6,1.40111,8.0,2.0,gypsum,gypsum_10hole,gypsum_10holes_0903
temp_2025-10-29-11-40-25_23_31_8_,6,1.40111,8.0,2.0,gypsum,gypsum_10hole,gypsum_10holes_0903
temp_2025-10-28-12-23-45_23_31_8_,7,0.80081,8.0,2.0,gypsum,gypsum_10hole,gypsum_10holes_0903
temp_2025-10-28-13-42-6_23_31_8_,7,0.80081,8.0,2.0,gypsum,gypsum_10hole,gypsum_10holes_0903
temp_2025-10-28-14-36-45_23_31_8_,7,0.80081,8.0,2.0,gypsum,gypsum_10hole,gypsum_10holes_0903
temp_2025-10-29-11-40-25_23_31_8_,7,0.80081,8.0,2.0,gypsum,gypsum_10hole,gypsum_10holes_0903
temp_2025-10-28-12-23-45_23_31_8_,8,1.05574,8.0,2.0,gypsum,gypsum_10hole,gypsum_10holes_0903
temp_2025-10-28-13-42-6_23_31_8_,8,1.05574,8.0,2.0,gypsum,gypsum_10hole,gypsum_10holes_0903
temp_2025-10-28-14-36-45_23_31_8_,8,1.05574,8.0,2.0,gypsum,gypsum_10hole,gypsum_10holes_0903
temp_2025-10-29-11-40-25_23_31_8_,8,1.05574,8.0,2.0,gypsum,gypsum_10hole,gypsum_10holes_0903
temp_2025-10-28-12-23-45_23_31_8_,9,0.32839,8.0,2.0,gypsum,gypsum_10hole,gypsum_10holes_0903
temp_2025-10-28-13-42-6_23_31_8_,9,0.32839,8.0,2.0,gypsum,gypsum_10hole,gypsum_10holes_0903
temp_2025-10-28-14-36-45_23_31_8_,9,0.32839,8.0,2.0,gypsum,gypsum_10hole,gypsum_10holes_0903
temp_2025-10-29-11-40-25_23_31_8_,9,0.32839,8.0,2.0,gypsum,gypsum_10hole,gypsum_10holes_0903
temp_2025-10-28-12-21-26_23_33_10_,1,6.55011,10.0,2.0,gypsum,gypsum_10hole,gypsum_10holes_0903
temp_2025-10-28-13-39-36_23_33_10_,1,6.55011,10.0,2.0,gypsum,gypsum_10hole,gypsum_10holes_0903
temp_2025-10-28-14-33-43_23_33_10_,1,6.55011,10.0,2.0,gypsum,gypsum_10hole,gypsum_10holes_0903
temp_2025-10-29-11-38-17_23_33_10_,1,6.55011,10.0,2.0,gypsum,gypsum_10hole,gypsum_10holes_0903
temp_2025-10-28-12-21-26_23_33_10_,10,9.01801,10.0,2.0,gypsum,gypsum_10hole,gypsum_10holes_0903
temp_2025-10-28-13-39-36_23_33_10_,10,9.01801,10.0,2.0,gypsum,gypsum_10hole,gypsum_10holes_0903
temp_2025-10-28-14-33-43_23_33_10_,10,9.01801,10.0,2.0,gypsum,gypsum_10hole,gypsum_10holes_0903
temp_2025-10-29-11-38-17_23_33_10_,10,9.01801,10.0,2.0,gypsum,gypsum_10hole,gypsum_10holes_0903
temp_2025-10-28-12-21-26_23_33_10_,2,1.53848,10.0,2.0,gypsum,gypsum_10hole,gypsum_10holes_0903
temp_2025-10-28-13-39-36_23_33_10_,2,1.53848,10.0,2.0,gypsum,gypsum_10hole,gypsum_10holes_0903
temp_2025-10-28-14-33-43_23_33_10_,2,1.53848,10.0,2.0,gypsum,gypsum_10hole,gypsum_10holes_0903
temp_2025-10-29-11-38-17_23_33_10_,2,1.53848,10.0,2.0,gypsum,gypsum_10hole,gypsum_10holes_0903
temp_2025-10-28-12-21-26_23_33_10_,3,0.83126,10.0,2.0,gypsum,gypsum_10hole,gypsum_10holes_0903
temp_2025-10-28-13-39-36_23_33_10_,3,0.83126,10.0,2.0,gypsum,gypsum_10hole,gypsum_10holes_0903
temp_2025-10-28-14-33-43_23_33_10_,3,0.83126,10.0,2.0,gypsum,gypsum_10hole,gypsum_10holes_0903
temp_2025-10-29-11-38-17_23_33_10_,3,0.83126,10.0,2.0,gypsum,gypsum_10hole,gypsum_10holes_0903
temp_2025-10-28-12-21-26_23_33_10_,4,0.66954,10.0,2.0,gypsum,gypsum_10hole,gypsum_10holes_0903
temp_2025-10-28-13-39-36_23_33_10_,4,0.66954,10.0,2.0,gypsum,gypsum_10hole,gypsum_10holes_0903
temp_2025-10-28-14-33-43_23_33_10_,4,0.66954,10.0,2.0,gypsum,gypsum_10hole,gypsum_10holes_0903
temp_2025-10-29-11-38-17_23_33_10_,4,0.66954,10.0,2.0,gypsum,gypsum_10hole,gypsum_10holes_0903
temp_2025-10-28-12-21-26_23_33_10_,5,0.15353,10.0,2.0,gypsum,gypsum_10hole,gypsum_10holes_0903
temp_2025-10-28-13-39-36_23_33_10_,5,0.15353,10.0,2.0,gypsum,gypsum_10hole,gypsum_10holes_0903
temp_2025-10-28-14-33-43_23_33_10_,5,0.15353,10.0,2.0,gypsum,gypsum_10hole,gypsum_10holes_0903
temp_2025-10-29-11-38-17_23_33_10_,5,0.15353,10.0,2.0,gypsum,gypsum_10hole,gypsum_10holes_0903
temp_2025-10-28-12-21-26_23_33_10_,6,1.40111,10.0,2.0,gypsum,gypsum_10hole,gypsum_10holes_0903
temp_2025-10-28-13-39-36_23_33_10_,6,1.40111,10.0,2.0,gypsum,gypsum_10hole,gypsum_10holes_0903
temp_2025-10-28-14-33-43_23_33_10_,6,1.40111,10.0,2.0,gypsum,gypsum_10hole,gypsum_10holes_0903
temp_2025-10-29-11-38-17_23_33_10_,6,1.40111,10.0,2.0,gypsum,gypsum_10hole,gypsum_10holes_0903
temp_2025-10-28-12-21-26_23_33_10_,7,0.80081,10.0,2.0,gypsum,gypsum_10hole,gypsum_10holes_0903
temp_2025-10-28-13-39-36_23_33_10_,7,0.80081,10.0,2.0,gypsum,gypsum_10hole,gypsum_10holes_0903
temp_2025-10-28-14-33-43_23_33_10_,7,0.80081,10.0,2.0,gypsum,gypsum_10hole,gypsum_10holes_0903
temp_2025-10-29-11-38-17_23_33_10_,7,0.80081,10.0,2.0,gypsum,gypsum_10hole,gypsum_10holes_0903
temp_2025-10-28-12-21-26_23_33_10_,8,1.05574,10.0,2.0,gypsum,gypsum_10hole,gypsum_10holes_0903
temp_2025-10-28-13-39-36_23_33_10_,8,1.05574,10.0,2.0,gypsum,gypsum_10hole,gypsum_10holes_0903
temp_2025-10-28-14-33-43_23_33_10_,8,1.05574,10.0,2.0,gypsum,gypsum_10hole,gypsum_10holes_0903
temp_2025-10-29-11-38-17_23_33_10_,8,1.05574,10.0,2.0,gypsum,gypsum_10hole,gypsum_10holes_0903
temp_2025-10-28-12-21-26_23_33_10_,9,0.32839,10.0,2.0,gypsum,gypsum_10hole,gypsum_10holes_0903
temp_2025-10-28-13-39-36_23_33_10_,9,0.32839,10.0,2.0,gypsum,gypsum_10hole,gypsum_10holes_0903
temp_2025-10-28-14-33-43_23_33_10_,9,0.32839,10.0,2.0,gypsum,gypsum_10hole,gypsum_10holes_0903
temp_2025-10-29-11-38-17_23_33_10_,9,0.32839,10.0,2.0,gypsum,gypsum_10hole,gypsum_10holes_0903
temp_2025-10-28-12-20-18_23_35_12_,1,6.55011,12.0,2.0,gypsum,gypsum_10hole,gypsum_10holes_0903
temp_2025-10-28-13-38-45_23_35_12_,1,6.55011,12.0,2.0,gypsum,gypsum_10hole,gypsum_10holes_0903
temp_2025-10-28-14-32-54_23_35_12_,1,6.55011,12.0,2.0,gypsum,gypsum_10hole,gypsum_10holes_0903
temp_2025-10-29-11-37-16_23_35_12_,1,6.55011,12.0,2.0,gypsum,gypsum_10hole,gypsum_10holes_0903
temp_2025-10-28-12-20-18_23_35_12_,10,9.01801,12.0,2.0,gypsum,gypsum_10hole,gypsum_10holes_0903
temp_2025-10-28-13-38-45_23_35_12_,10,9.01801,12.0,2.0,gypsum,gypsum_10hole,gypsum_10holes_0903
temp_2025-10-28-14-32-54_23_35_12_,10,9.01801,12.0,2.0,gypsum,gypsum_10hole,gypsum_10holes_0903
temp_2025-10-29-11-37-16_23_35_12_,10,9.01801,12.0,2.0,gypsum,gypsum_10hole,gypsum_10holes_0903
temp_2025-10-28-12-20-18_23_35_12_,2,1.53848,12.0,2.0,gypsum,gypsum_10hole,gypsum_10holes_0903
temp_2025-10-28-13-38-45_23_35_12_,2,1.53848,12.0,2.0,gypsum,gypsum_10hole,gypsum_10holes_0903
temp_2025-10-28-14-32-54_23_35_12_,2,1.53848,12.0,2.0,gypsum,gypsum_10hole,gypsum_10holes_0903
temp_2025-10-29-11-37-16_23_35_12_,2,1.53848,12.0,2.0,gypsum,gypsum_10hole,gypsum_10holes_0903
temp_2025-10-28-12-20-18_23_35_12_,3,0.83126,12.0,2.0,gypsum,gypsum_10hole,gypsum_10holes_0903
temp_2025-10-28-13-38-45_23_35_12_,3,0.83126,12.0,2.0,gypsum,gypsum_10hole,gypsum_10holes_0903
temp_2025-10-28-14-32-54_23_35_12_,3,0.83126,12.0,2.0,gypsum,gypsum_10hole,gypsum_10holes_0903
temp_2025-10-29-11-37-16_23_35_12_,3,0.83126,12.0,2.0,gypsum,gypsum_10hole,gypsum_10holes_0903
temp_2025-10-28-12-20-18_23_35_12_,4,0.66954,12.0,2.0,gypsum,gypsum_10hole,gypsum_10holes_0903
temp_2025-10-28-13-38-45_23_35_12_,4,0.66954,12.0,2.0,gypsum,gypsum_10hole,gypsum_10holes_0903
temp_2025-10-28-14-32-54_23_35_12_,4,0.66954,12.0,2.0,gypsum,gypsum_10hole,gypsum_10holes_0903
temp_2025-10-29-11-37-16_23_35_12_,4,0.66954,12.0,2.0,gypsum,gypsum_10hole,gypsum_10holes_0903
temp_2025-10-28-12-20-18_23_35_12_,5,0.15353,12.0,2.0,gypsum,gypsum_10hole,gypsum_10holes_0903
temp_2025-10-28-13-38-45_23_35_12_,5,0.15353,12.0,2.0,gypsum,gypsum_10hole,gypsum_10holes_0903
temp_2025-10-28-14-32-54_23_35_12_,5,0.15353,12.0,2.0,gypsum,gypsum_10hole,gypsum_10holes_0903
temp_2025-10-29-11-37-16_23_35_12_,5,0.15353,12.0,2.0,gypsum,gypsum_10hole,gypsum_10holes_0903
temp_2025-10-28-12-20-18_23_35_12_,6,1.40111,12.0,2.0,gypsum,gypsum_10hole,gypsum_10holes_0903
temp_2025-10-28-13-38-45_23_35_12_,6,1.40111,12.0,2.0,gypsum,gypsum_10hole,gypsum_10holes_0903
temp_2025-10-28-14-32-54_23_35_12_,6,1.40111,12.0,2.0,gypsum,gypsum_10hole,gypsum_10holes_0903
temp_2025-10-29-11-37-16_23_35_12_,6,1.40111,12.0,2.0,gypsum,gypsum_10hole,gypsum_10holes_0903
temp_2025-10-28-12-20-18_23_35_12_,7,0.80081,12.0,2.0,gypsum,gypsum_10hole,gypsum_10holes_0903
temp_2025-10-28-13-38-45_23_35_12_,7,0.80081,12.0,2.0,gypsum,gypsum_10hole,gypsum_10holes_0903
temp_2025-10-28-14-32-54_23_35_12_,7,0.80081,12.0,2.0,gypsum,gypsum_10hole,gypsum_10holes_0903
temp_2025-10-29-11-37-16_23_35_12_,7,0.80081,12.0,2.0,gypsum,gypsum_10hole,gypsum_10holes_0903
temp_2025-10-28-12-20-18_23_35_12_,8,1.05574,12.0,2.0,gypsum,gypsum_10hole,gypsum_10holes_0903
temp_2025-10-28-13-38-45_23_35_12_,8,1.05574,12.0,2.0,gypsum,gypsum_10hole,gypsum_10holes_0903
temp_2025-10-28-14-32-54_23_35_12_,8,1.05574,12.0,2.0,gypsum,gypsum_10hole,gypsum_10holes_0903
temp_2025-10-29-11-37-16_23_35_12_,8,1.05574,12.0,2.0,gypsum,gypsum_10hole,gypsum_10holes_0903
temp_2025-10-28-12-20-18_23_35_12_,9,0.32839,12.0,2.0,gypsum,gypsum_10hole,gypsum_10holes_0903
temp_2025-10-28-13-38-45_23_35_12_,9,0.32839,12.0,2.0,gypsum,gypsum_10hole,gypsum_10holes_0903
temp_2025-10-28-14-32-54_23_35_12_,9,0.32839,12.0,2.0,gypsum,gypsum_10hole,gypsum_10holes_0903
temp_2025-10-29-11-37-16_23_35_12_,9,0.32839,12.0,2.0,gypsum,gypsum_10hole,gypsum_10holes_0903
temp_2025-10-23-15-20-19_24_30_6_,1,10.42996,6.0,5.0,gypsum,gypsum_10hole,gypsum_10holes_0903
temp_2025-10-24-10-52-50_23_29_6_,1,10.42996,6.0,5.0,gypsum,gypsum_10hole,gypsum_10holes_0903
temp_2025-10-24-10-8-16_23_29_6_,1,10.42996,6.0,5.0,gypsum,gypsum_10hole,gypsum_10holes_0903
temp_2025-10-24-12-38-41_24_30_6_,1,10.42996,6.0,5.0,gypsum,gypsum_10hole,gypsum_10holes_0903
temp_2025-10-23-15-20-19_24_30_6_,10,14.11369,6.0,5.0,gypsum,gypsum_10hole,gypsum_10holes_0903
temp_2025-10-24-10-52-50_23_29_6_,10,14.11369,6.0,5.0,gypsum,gypsum_10hole,gypsum_10holes_0903
temp_2025-10-24-10-8-16_23_29_6_,10,14.11369,6.0,5.0,gypsum,gypsum_10hole,gypsum_10holes_0903
temp_2025-10-24-12-38-41_24_30_6_,10,14.11369,6.0,5.0,gypsum,gypsum_10hole,gypsum_10holes_0903
temp_2025-10-23-15-20-19_24_30_6_,2,2.65218,6.0,5.0,gypsum,gypsum_10hole,gypsum_10holes_0903
temp_2025-10-24-10-52-50_23_29_6_,2,2.65218,6.0,5.0,gypsum,gypsum_10hole,gypsum_10holes_0903
temp_2025-10-24-10-8-16_23_29_6_,2,2.65218,6.0,5.0,gypsum,gypsum_10hole,gypsum_10holes_0903
temp_2025-10-24-12-38-41_24_30_6_,2,2.65218,6.0,5.0,gypsum,gypsum_10hole,gypsum_10holes_0903
temp_2025-10-23-15-20-19_24_30_6_,3,1.45511,6.0,5.0,gypsum,gypsum_10hole,gypsum_10holes_0903
temp_2025-10-24-10-52-50_23_29_6_,3,1.45511,6.0,5.0,gypsum,gypsum_10hole,gypsum_10holes_0903
temp_2025-10-24-10-8-16_23_29_6_,3,1.45511,6.0,5.0,gypsum,gypsum_10hole,gypsum_10holes_0903
temp_2025-10-24-12-38-41_24_30_6_,3,1.45511,6.0,5.0,gypsum,gypsum_10hole,gypsum_10holes_0903
temp_2025-10-23-15-20-19_24_30_6_,4,1.15906,6.0,5.0,gypsum,gypsum_10hole,gypsum_10holes_0903
temp_2025-10-24-10-52-50_23_29_6_,4,1.15906,6.0,5.0,gypsum,gypsum_10hole,gypsum_10holes_0903
temp_2025-10-24-10-8-16_23_29_6_,4,1.15906,6.0,5.0,gypsum,gypsum_10hole,gypsum_10holes_0903
temp_2025-10-24-12-38-41_24_30_6_,4,1.15906,6.0,5.0,gypsum,gypsum_10hole,gypsum_10holes_0903
temp_2025-10-23-15-20-19_24_30_6_,5,0.34889,6.0,5.0,gypsum,gypsum_10hole,gypsum_10holes_0903
temp_2025-10-24-10-52-50_23_29_6_,5,0.34889,6.0,5.0,gypsum,gypsum_10hole,gypsum_10holes_0903
temp_2025-10-24-10-8-16_23_29_6_,5,0.34889,6.0,5.0,gypsum,gypsum_10hole,gypsum_10holes_0903
temp_2025-10-24-12-38-41_24_30_6_,5,0.34889,6.0,5.0,gypsum,gypsum_10hole,gypsum_10holes_0903
temp_2025-10-23-15-20-19_24_30_6_,6,2.44056,6.0,5.0,gypsum,gypsum_10hole,gypsum_10holes_0903
temp_2025-10-24-10-52-50_23_29_6_,6,2.44056,6.0,5.0,gypsum,gypsum_10hole,gypsum_10holes_0903
temp_2025-10-24-10-8-16_23_29_6_,6,2.44056,6.0,5.0,gypsum,gypsum_10hole,gypsum_10holes_0903
temp_2025-10-24-12-38-41_24_30_6_,6,2.44056,6.0,5.0,gypsum,gypsum_10hole,gypsum_10holes_0903
temp_2025-10-23-15-20-19_24_30_6_,7,1.42885,6.0,5.0,gypsum,gypsum_10hole,gypsum_10holes_0903
temp_2025-10-24-10-52-50_23_29_6_,7,1.42885,6.0,5.0,gypsum,gypsum_10hole,gypsum_10holes_0903
temp_2025-10-24-10-8-16_23_29_6_,7,1.42885,6.0,5.0,gypsum,gypsum_10hole,gypsum_10holes_0903
temp_2025-10-24-12-38-41_24_30_6_,7,1.42885,6.0,5.0,gypsum,gypsum_10hole,gypsum_10holes_0903
temp_2025-10-23-15-20-19_24_30_6_,8,1.68534,6.0,5.0,gypsum,gypsum_10hole,gypsum_10holes_0903
temp_2025-10-24-10-52-50_23_29_6_,8,1.68534,6.0,5.0,gypsum,gypsum_10hole,gypsum_10holes_0903
temp_2025-10-24-10-8-16_23_29_6_,8,1.68534,6.0,5.0,gypsum,gypsum_10hole,gypsum_10holes_0903
temp_2025-10-24-12-38-41_24_30_6_,8,1.68534,6.0,5.0,gypsum,gypsum_10hole,gypsum_10holes_0903
temp_2025-10-23-15-20-19_24_30_6_,9,0.66763,6.0,5.0,gypsum,gypsum_10hole,gypsum_10holes_0903
temp_2025-10-24-10-52-50_23_29_6_,9,0.66763,6.0,5.0,gypsum,gypsum_10hole,gypsum_10holes_0903
temp_2025-10-24-10-8-16_23_29_6_,9,0.66763,6.0,5.0,gypsum,gypsum_10hole,gypsum_10holes_0903
temp_2025-10-24-12-38-41_24_30_6_,9,0.66763,6.0,5.0,gypsum,gypsum_10hole,gypsum_10holes_0903
temp_2025-10-23-15-16-54_24_32_8_,1,10.42996,8.0,5.0,gypsum,gypsum_10hole,gypsum_10holes_0903
temp_2025-10-24-10-4-15_23_31_8_,1,10.42996,8.0,5.0,gypsum,gypsum_10hole,gypsum_10holes_0903
temp_2025-10-24-10-50-36_23_31_8_,1,10.42996,8.0,5.0,gypsum,gypsum_10hole,gypsum_10holes_0903
temp_2025-10-24-12-34-48_24_32_8_,1,10.42996,8.0,5.0,gypsum,gypsum_10hole,gypsum_10holes_0903
temp_2025-10-23-15-16-54_24_32_8_,10,14.11369,8.0,5.0,gypsum,gypsum_10hole,gypsum_10holes_0903
temp_2025-10-24-10-4-15_23_31_8_,10,14.11369,8.0,5.0,gypsum,gypsum_10hole,gypsum_10holes_0903
temp_2025-10-24-10-50-36_23_31_8_,10,14.11369,8.0,5.0,gypsum,gypsum_10hole,gypsum_10holes_0903
temp_2025-10-24-12-34-48_24_32_8_,10,14.11369,8.0,5.0,gypsum,gypsum_10hole,gypsum_10holes_0903
temp_2025-10-23-15-16-54_24_32_8_,2,2.65218,8.0,5.0,gypsum,gypsum_10hole,gypsum_10holes_0903
temp_2025-10-24-10-4-15_23_31_8_,2,2.65218,8.0,5.0,gypsum,gypsum_10hole,gypsum_10holes_0903
temp_2025-10-24-10-50-36_23_31_8_,2,2.65218,8.0,5.0,gypsum,gypsum_10hole,gypsum_10holes_0903
temp_2025-10-24-12-34-48_24_32_8_,2,2.65218,8.0,5.0,gypsum,gypsum_10hole,gypsum_10holes_0903
temp_2025-10-23-15-16-54_24_32_8_,3,1.45511,8.0,5.0,gypsum,gypsum_10hole,gypsum_10holes_0903
temp_2025-10-24-10-4-15_23_31_8_,3,1.45511,8.0,5.0,gypsum,gypsum_10hole,gypsum_10holes_0903
temp_2025-10-24-10-50-36_23_31_8_,3,1.45511,8.0,5.0,gypsum,gypsum_10hole,gypsum_10holes_0903
temp_2025-10-24-12-34-48_24_32_8_,3,1.45511,8.0,5.0,gypsum,gypsum_10hole,gypsum_10holes_0903
temp_2025-10-23-15-16-54_24_32_8_,4,1.15906,8.0,5.0,gypsum,gypsum_10hole,gypsum_10holes_0903
temp_2025-10-24-10-4-15_23_31_8_,4,1.15906,8.0,5.0,gypsum,gypsum_10hole,gypsum_10holes_0903
temp_2025-10-24-10-50-36_23_31_8_,4,1.15906,8.0,5.0,gypsum,gypsum_10hole,gypsum_10holes_0903
temp_2025-10-24-12-34-48_24_32_8_,4,1.15906,8.0,5.0,gypsum,gypsum_10hole,gypsum_10holes_0903
temp_2025-10-23-15-16-54_24_32_8_,5,0.34889,8.0,5.0,gypsum,gypsum_10hole,gypsum_10holes_0903
temp_2025-10-24-10-4-15_23_31_8_,5,0.34889,8.0,5.0,gypsum,gypsum_10hole,gypsum_10holes_0903
temp_2025-10-24-10-50-36_23_31_8_,5,0.34889,8.0,5.0,gypsum,gypsum_10hole,gypsum_10holes_0903
temp_2025-10-24-12-34-48_24_32_8_,5,0.34889,8.0,5.0,gypsum,gypsum_10hole,gypsum_10holes_0903
temp_2025-10-23-15-16-54_24_32_8_,6,2.44056,8.0,5.0,gypsum,gypsum_10hole,gypsum_10holes_0903
temp_2025-10-24-10-4-15_23_31_8_,6,2.44056,8.0,5.0,gypsum,gypsum_10hole,gypsum_10holes_0903
temp_2025-10-24-10-50-36_23_31_8_,6,2.44056,8.0,5.0,gypsum,gypsum_10hole,gypsum_10holes_0903
temp_2025-10-24-12-34-48_24_32_8_,6,2.44056,8.0,5.0,gypsum,gypsum_10hole,gypsum_10holes_0903
temp_2025-10-23-15-16-54_24_32_8_,7,1.42885,8.0,5.0,gypsum,gypsum_10hole,gypsum_10holes_0903
temp_2025-10-24-10-4-15_23_31_8_,7,1.42885,8.0,5.0,gypsum,gypsum_10hole,gypsum_10holes_0903
temp_2025-10-24-10-50-36_23_31_8_,7,1.42885,8.0,5.0,gypsum,gypsum_10hole,gypsum_10holes_0903
temp_2025-10-24-12-34-48_24_32_8_,7,1.42885,8.0,5.0,gypsum,gypsum_10hole,gypsum_10holes_0903
temp_2025-10-23-15-16-54_24_32_8_,8,1.68534,8.0,5.0,gypsum,gypsum_10hole,gypsum_10holes_0903
temp_2025-10-24-10-4-15_23_31_8_,8,1.68534,8.0,5.0,gypsum,gypsum_10hole,gypsum_10holes_0903
temp_2025-10-24-10-50-36_23_31_8_,8,1.68534,8.0,5.0,gypsum,gypsum_10hole,gypsum_10holes_0903
temp_2025-10-24-12-34-48_24_32_8_,8,1.68534,8.0,5.0,gypsum,gypsum_10hole,gypsum_10holes_0903
temp_2025-10-23-15-16-54_24_32_8_,9,0.66763,8.0,5.0,gypsum,gypsum_10hole,gypsum_10holes_0903
temp_2025-10-24-10-4-15_23_31_8_,9,0.66763,8.0,5.0,gypsum,gypsum_10hole,gypsum_10holes_0903
temp_2025-10-24-10-50-36_23_31_8_,9,0.66763,8.0,5.0,gypsum,gypsum_10hole,gypsum_10holes_0903
temp_2025-10-24-12-34-48_24_32_8_,9,0.66763,8.0,5.0,gypsum,gypsum_10hole,gypsum_10holes_0903
temp_2025-10-23-15-14-50_24_34_10_,1,10.42996,10.0,5.0,gypsum,gypsum_10hole,gypsum_10holes_0903
temp_2025-10-24-10-1-59_23_33_10_,1,10.42996,10.0,5.0,gypsum,gypsum_10hole,gypsum_10holes_0903
temp_2025-10-24-10-49-40_23_33_10_,1,10.42996,10.0,5.0,gypsum,gypsum_10hole,gypsum_10holes_0903
temp_2025-10-24-11-37-18_23_33_10_,1,10.42996,10.0,5.0,gypsum,gypsum_10hole,gypsum_10holes_0903
temp_2025-10-24-12-32-47_23_33_10_,1,10.42996,10.0,5.0,gypsum,gypsum_10hole,gypsum_10holes_0903
temp_2025-10-23-15-14-50_24_34_10_,10,14.11369,10.0,5.0,gypsum,gypsum_10hole,gypsum_10holes_0903
temp_2025-10-24-10-1-59_23_33_10_,10,14.11369,10.0,5.0,gypsum,gypsum_10hole,gypsum_10holes_0903
temp_2025-10-24-10-49-40_23_33_10_,10,14.11369,10.0,5.0,gypsum,gypsum_10hole,gypsum_10holes_0903
temp_2025-10-24-11-37-18_23_33_10_,10,14.11369,10.0,5.0,gypsum,gypsum_10hole,gypsum_10holes_0903
temp_2025-10-24-12-32-47_23_33_10_,10,14.11369,10.0,5.0,gypsum,gypsum_10hole,gypsum_10holes_0903
temp_2025-10-23-15-14-50_24_34_10_,2,2.65218,10.0,5.0,gypsum,gypsum_10hole,gypsum_10holes_0903
temp_2025-10-24-10-1-59_23_33_10_,2,2.65218,10.0,5.0,gypsum,gypsum_10hole,gypsum_10holes_0903
temp_2025-10-24-10-49-40_23_33_10_,2,2.65218,10.0,5.0,gypsum,gypsum_10hole,gypsum_10holes_0903
temp_2025-10-24-11-37-18_23_33_10_,2,2.65218,10.0,5.0,gypsum,gypsum_10hole,gypsum_10holes_0903
temp_2025-10-24-12-32-47_23_33_10_,2,2.65218,10.0,5.0,gypsum,gypsum_10hole,gypsum_10holes_0903
temp_2025-10-23-15-14-50_24_34_10_,3,1.45511,10.0,5.0,gypsum,gypsum_10hole,gypsum_10holes_0903
temp_2025-10-24-10-1-59_23_33_10_,3,1.45511,10.0,5.0,gypsum,gypsum_10hole,gypsum_10holes_0903
temp_2025-10-24-10-49-40_23_33_10_,3,1.45511,10.0,5.0,gypsum,gypsum_10hole,gypsum_10holes_0903
temp_2025-10-24-11-37-18_23_33_10_,3,1.45511,10.0,5.0,gypsum,gypsum_10hole,gypsum_10holes_0903
temp_2025-10-24-12-32-47_23_33_10_,3,1.45511,10.0,5.0,gypsum,gypsum_10hole,gypsum_10holes_0903
temp_2025-10-23-15-14-50_24_34_10_,4,1.15906,10.0,5.0,gypsum,gypsum_10hole,gypsum_10holes_0903
temp_2025-10-24-10-1-59_23_33_10_,4,1.15906,10.0,5.0,gypsum,gypsum_10hole,gypsum_10holes_0903
temp_2025-10-24-10-49-40_23_33_10_,4,1.15906,10.0,5.0,gypsum,gypsum_10hole,gypsum_10holes_0903
temp_2025-10-24-11-37-18_23_33_10_,4,1.15906,10.0,5.0,gypsum,gypsum_10hole,gypsum_10holes_0903
temp_2025-10-24-12-32-47_23_33_10_,4,1.15906,10.0,5.0,gypsum,gypsum_10hole,gypsum_10holes_0903
temp_2025-10-23-15-14-50_24_34_10_,5,0.34889,10.0,5.0,gypsum,gypsum_10hole,gypsum_10holes_0903
temp_2025-10-24-10-1-59_23_33_10_,5,0.34889,10.0,5.0,gypsum,gypsum_10hole,gypsum_10holes_0903
temp_2025-10-24-10-49-40_23_33_10_,5,0.34889,10.0,5.0,gypsum,gypsum_10hole,gypsum_10holes_0903
temp_2025-10-24-11-37-18_23_33_10_,5,0.34889,10.0,5.0,gypsum,gypsum_10hole,gypsum_10holes_0903
temp_2025-10-24-12-32-47_23_33_10_,5,0.34889,10.0,5.0,gypsum,gypsum_10hole,gypsum_10holes_0903
temp_2025-10-23-15-14-50_24_34_10_,6,2.44056,10.0,5.0,gypsum,gypsum_10hole,gypsum_10holes_0903
temp_2025-10-24-10-1-59_23_33_10_,6,2.44056,10.0,5.0,gypsum,gypsum_10hole,gypsum_10holes_0903
temp_2025-10-24-10-49-40_23_33_10_,6,2.44056,10.0,5.0,gypsum,gypsum_10hole,gypsum_10holes_0903
temp_2025-10-24-11-37-18_23_33_10_,6,2.44056,10.0,5.0,gypsum,gypsum_10hole,gypsum_10holes_0903
temp_2025-10-24-12-32-47_23_33_10_,6,2.44056,10.0,5.0,gypsum,gypsum_10hole,gypsum_10holes_0903
temp_2025-10-23-15-14-50_24_34_10_,7,1.42885,10.0,5.0,gypsum,gypsum_10hole,gypsum_10holes_0903
temp_2025-10-24-10-1-59_23_33_10_,7,1.42885,10.0,5.0,gypsum,gypsum_10hole,gypsum_10holes_0903
temp_2025-10-24-10-49-40_23_33_10_,7,1.42885,10.0,5.0,gypsum,gypsum_10hole,gypsum_10holes_0903
temp_2025-10-24-11-37-18_23_33_10_,7,1.42885,10.0,5.0,gypsum,gypsum_10hole,gypsum_10holes_0903
temp_2025-10-24-12-32-47_23_33_10_,7,1.42885,10.0,5.0,gypsum,gypsum_10hole,gypsum_10holes_0903
temp_2025-10-23-15-14-50_24_34_10_,8,1.68534,10.0,5.0,gypsum,gypsum_10hole,gypsum_10holes_0903
temp_2025-10-24-10-1-59_23_33_10_,8,1.68534,10.0,5.0,gypsum,gypsum_10hole,gypsum_10holes_0903
temp_2025-10-24-10-49-40_23_33_10_,8,1.68534,10.0,5.0,gypsum,gypsum_10hole,gypsum_10holes_0903
temp_2025-10-24-11-37-18_23_33_10_,8,1.68534,10.0,5.0,gypsum,gypsum_10hole,gypsum_10holes_0903
temp_2025-10-24-12-32-47_23_33_10_,8,1.68534,10.0,5.0,gypsum,gypsum_10hole,gypsum_10holes_0903
temp_2025-10-23-15-14-50_24_34_10_,9,0.66763,10.0,5.0,gypsum,gypsum_10hole,gypsum_10holes_0903
temp_2025-10-24-10-1-59_23_33_10_,9,0.66763,10.0,5.0,gypsum,gypsum_10hole,gypsum_10holes_0903
temp_2025-10-24-10-49-40_23_33_10_,9,0.66763,10.0,5.0,gypsum,gypsum_10hole,gypsum_10holes_0903
temp_2025-10-24-11-37-18_23_33_10_,9,0.66763,10.0,5.0,gypsum,gypsum_10hole,gypsum_10holes_0903
temp_2025-10-24-12-32-47_23_33_10_,9,0.66763,10.0,5.0,gypsum,gypsum_10hole,gypsum_10holes_0903
temp_2025-10-23-15-14-3_24_36_12_,1,10.42996,12.0,5.0,gypsum,gypsum_10hole,gypsum_10holes_0903
temp_2025-10-24-10-0-43_23_35_12_,1,10.42996,12.0,5.0,gypsum,gypsum_10hole,gypsum_10holes_0903
temp_2025-10-24-10-49-6_23_35_12_,1,10.42996,12.0,5.0,gypsum,gypsum_10hole,gypsum_10holes_0903
temp_2025-10-24-11-36-51_23_35_12_,1,10.42996,12.0,5.0,gypsum,gypsum_10hole,gypsum_10holes_0903
temp_2025-10-24-12-31-48_23_35_12_,1,10.42996,12.0,5.0,gypsum,gypsum_10hole,gypsum_10holes_0903
temp_2025-10-23-15-14-3_24_36_12_,10,14.11369,12.0,5.0,gypsum,gypsum_10hole,gypsum_10holes_0903
temp_2025-10-24-10-0-43_23_35_12_,10,14.11369,12.0,5.0,gypsum,gypsum_10hole,gypsum_10holes_0903
temp_2025-10-24-10-49-6_23_35_12_,10,14.11369,12.0,5.0,gypsum,gypsum_10hole,gypsum_10holes_0903
temp_2025-10-24-11-36-51_23_35_12_,10,14.11369,12.0,5.0,gypsum,gypsum_10hole,gypsum_10holes_0903
temp_2025-10-24-12-31-48_23_35_12_,10,14.11369,12.0,5.0,gypsum,gypsum_10hole,gypsum_10holes_0903
temp_2025-10-23-15-14-3_24_36_12_,2,2.65218,12.0,5.0,gypsum,gypsum_10hole,gypsum_10holes_0903
temp_2025-10-24-10-0-43_23_35_12_,2,2.65218,12.0,5.0,gypsum,gypsum_10hole,gypsum_10holes_0903
temp_2025-10-24-10-49-6_23_35_12_,2,2.65218,12.0,5.0,gypsum,gypsum_10hole,gypsum_10holes_0903
temp_2025-10-24-11-36-51_23_35_12_,2,2.65218,12.0,5.0,gypsum,gypsum_10hole,gypsum_10holes_0903
temp_2025-10-24-12-31-48_23_35_12_,2,2.65218,12.0,5.0,gypsum,gypsum_10hole,gypsum_10holes_0903
temp_2025-10-23-15-14-3_24_36_12_,3,1.45511,12.0,5.0,gypsum,gypsum_10hole,gypsum_10holes_0903
temp_2025-10-24-10-0-43_23_35_12_,3,1.45511,12.0,5.0,gypsum,gypsum_10hole,gypsum_10holes_0903
temp_2025-10-24-10-49-6_23_35_12_,3,1.45511,12.0,5.0,gypsum,gypsum_10hole,gypsum_10holes_0903
temp_2025-10-24-11-36-51_23_35_12_,3,1.45511,12.0,5.0,gypsum,gypsum_10hole,gypsum_10holes_0903
temp_2025-10-24-12-31-48_23_35_12_,3,1.45511,12.0,5.0,gypsum,gypsum_10hole,gypsum_10holes_0903
temp_2025-10-23-15-14-3_24_36_12_,4,1.15906,12.0,5.0,gypsum,gypsum_10hole,gypsum_10holes_0903
temp_2025-10-24-10-0-43_23_35_12_,4,1.15906,12.0,5.0,gypsum,gypsum_10hole,gypsum_10holes_0903
temp_2025-10-24-10-49-6_23_35_12_,4,1.15906,12.0,5.0,gypsum,gypsum_10hole,gypsum_10holes_0903
temp_2025-10-24-11-36-51_23_35_12_,4,1.15906,12.0,5.0,gypsum,gypsum_10hole,gypsum_10holes_0903
temp_2025-10-24-12-31-48_23_35_12_,4,1.15906,12.0,5.0,gypsum,gypsum_10hole,gypsum_10holes_0903
temp_2025-10-23-15-14-3_24_36_12_,5,0.34889,12.0,5.0,gypsum,gypsum_10hole,gypsum_10holes_0903
temp_2025-10-24-10-0-43_23_35_12_,5,0.34889,12.0,5.0,gypsum,gypsum_10hole,gypsum_10holes_0903
temp_2025-10-24-10-49-6_23_35_12_,5,0.34889,12.0,5.0,gypsum,gypsum_10hole,gypsum_10holes_0903
temp_2025-10-24-11-36-51_23_35_12_,5,0.34889,12.0,5.0,gypsum,gypsum_10hole,gypsum_10holes_0903
temp_2025-10-24-12-31-48_23_35_12_,5,0.34889,12.0,5.0,gypsum,gypsum_10hole,gypsum_10holes_0903
temp_2025-10-23-15-14-3_24_36_12_,6,2.44056,12.0,5.0,gypsum,gypsum_10hole,gypsum_10holes_0903
temp_2025-10-24-10-0-43_23_35_12_,6,2.44056,12.0,5.0,gypsum,gypsum_10hole,gypsum_10holes_0903
temp_2025-10-24-10-49-6_23_35_12_,6,2.44056,12.0,5.0,gypsum,gypsum_10hole,gypsum_10holes_0903
temp_2025-10-24-11-36-51_23_35_12_,6,2.44056,12.0,5.0,gypsum,gypsum_10hole,gypsum_10holes_0903
temp_2025-10-24-12-31-48_23_35_12_,6,2.44056,12.0,5.0,gypsum,gypsum_10hole,gypsum_10holes_0903
temp_2025-10-23-15-14-3_24_36_12_,7,1.42885,12.0,5.0,gypsum,gypsum_10hole,gypsum_10holes_0903
temp_2025-10-24-10-0-43_23_35_12_,7,1.42885,12.0,5.0,gypsum,gypsum_10hole,gypsum_10holes_0903
temp_2025-10-24-10-49-6_23_35_12_,7,1.42885,12.0,5.0,gypsum,gypsum_10hole,gypsum_10holes_0903
temp_2025-10-24-11-36-51_23_35_12_,7,1.42885,12.0,5.0,gypsum,gypsum_10hole,gypsum_10holes_0903
temp_2025-10-24-12-31-48_23_35_12_,7,1.42885,12.0,5.0,gypsum,gypsum_10hole,gypsum_10holes_0903
temp_2025-10-23-15-14-3_24_36_12_,8,1.68534,12.0,5.0,gypsum,gypsum_10hole,gypsum_10holes_0903
temp_2025-10-24-10-0-43_23_35_12_,8,1.68534,12.0,5.0,gypsum,gypsum_10hole,gypsum_10holes_0903
temp_2025-10-24-10-49-6_23_35_12_,8,1.68534,12.0,5.0,gypsum,gypsum_10hole,gypsum_10holes_0903
temp_2025-10-24-11-36-51_23_35_12_,8,1.68534,12.0,5.0,gypsum,gypsum_10hole,gypsum_10holes_0903
temp_2025-10-24-12-31-48_23_35_12_,8,1.68534,12.0,5.0,gypsum,gypsum_10hole,gypsum_10holes_0903
temp_2025-10-23-15-14-3_24_36_12_,9,0.66763,12.0,5.0,gypsum,gypsum_10hole,gypsum_10holes_0903
temp_2025-10-24-10-0-43_23_35_12_,9,0.66763,12.0,5.0,gypsum,gypsum_10hole,gypsum_10holes_0903
temp_2025-10-24-10-49-6_23_35_12_,9,0.66763,12.0,5.0,gypsum,gypsum_10hole,gypsum_10holes_0903
temp_2025-10-24-11-36-51_23_35_12_,9,0.66763,12.0,5.0,gypsum,gypsum_10hole,gypsum_10holes_0903
temp_2025-10-24-12-31-48_23_35_12_,9,0.66763,12.0,5.0,gypsum,gypsum_10hole,gypsum_10holes_0903
temp_2025-10-24-15-5-2_24_30_6_,1,13.22656,6.0,8.0,gypsum,gypsum_10hole,gypsum_10holes_0903
temp_2025-10-24-16-20-27_24_30_6_,1,13.22656,6.0,8.0,gypsum,gypsum_10hole,gypsum_10holes_0903
temp_2025-10-24-17-22-34_24_30_6_,1,13.22656,6.0,8.0,gypsum,gypsum_10hole,gypsum_10holes_0903
temp_2025-10-24-18-3-43_24_30_6_,1,13.22656,6.0,8.0,gypsum,gypsum_10hole,gypsum_10holes_0903
temp_2025-10-24-15-5-2_24_30_6_,10,17.7869,6.0,8.0,gypsum,gypsum_10hole,gypsum_10holes_0903
temp_2025-10-24-16-20-27_24_30_6_,10,17.7869,6.0,8.0,gypsum,gypsum_10hole,gypsum_10holes_0903
temp_2025-10-24-17-22-34_24_30_6_,10,17.7869,6.0,8.0,gypsum,gypsum_10hole,gypsum_10holes_0903
temp_2025-10-24-18-3-43_24_30_6_,10,17.7869,6.0,8.0,gypsum,gypsum_10hole,gypsum_10holes_0903
temp_2025-10-24-15-5-2_24_30_6_,2,3.462,6.0,8.0,gypsum,gypsum_10hole,gypsum_10holes_0903
temp_2025-10-24-16-20-27_24_30_6_,2,3.462,6.0,8.0,gypsum,gypsum_10hole,gypsum_10holes_0903
temp_2025-10-24-17-22-34_24_30_6_,2,3.462,6.0,8.0,gypsum,gypsum_10hole,gypsum_10holes_0903
temp_2025-10-24-18-3-43_24_30_6_,2,3.462,6.0,8.0,gypsum,gypsum_10hole,gypsum_10holes_0903
temp_2025-10-24-15-5-2_24_30_6_,3,1.9103,6.0,8.0,gypsum,gypsum_10hole,gypsum_10holes_0903
temp_2025-10-24-16-20-27_24_30_6_,3,1.9103,6.0,8.0,gypsum,gypsum_10hole,gypsum_10holes_0903
temp_2025-10-24-17-22-34_24_30_6_,3,1.9103,6.0,8.0,gypsum,gypsum_10hole,gypsum_10holes_0903
temp_2025-10-24-18-3-43_24_30_6_,3,1.9103,6.0,8.0,gypsum,gypsum_10hole,gypsum_10holes_0903
temp_2025-10-24-15-5-2_24_30_6_,4,1.51533,6.0,8.0,gypsum,gypsum_10hole,gypsum_10holes_0903
temp_2025-10-24-16-20-27_24_30_6_,4,1.51533,6.0,8.0,gypsum,gypsum_10hole,gypsum_10holes_0903
temp_2025-10-24-17-22-34_24_30_6_,4,1.51533,6.0,8.0,gypsum,gypsum_10hole,gypsum_10holes_0903
temp_2025-10-24-18-3-43_24_30_6_,4,1.51533,6.0,8.0,gypsum,gypsum_10hole,gypsum_10holes_0903
temp_2025-10-24-15-5-2_24_30_6_,5,0.51756,6.0,8.0,gypsum,gypsum_10hole,gypsum_10holes_0903
temp_2025-10-24-16-20-27_24_30_6_,5,0.51756,6.0,8.0,gypsum,gypsum_10hole,gypsum_10holes_0903
temp_2025-10-24-17-22-34_24_30_6_,5,0.51756,6.0,8.0,gypsum,gypsum_10hole,gypsum_10holes_0903
temp_2025-10-24-18-3-43_24_30_6_,5,0.51756,6.0,8.0,gypsum,gypsum_10hole,gypsum_10holes_0903
temp_2025-10-24-15-5-2_24_30_6_,6,3.19809,6.0,8.0,gypsum,gypsum_10hole,gypsum_10holes_0903
temp_2025-10-24-16-20-27_24_30_6_,6,3.19809,6.0,8.0,gypsum,gypsum_10hole,gypsum_10holes_0903
temp_2025-10-24-17-22-34_24_30_6_,6,3.19809,6.0,8.0,gypsum,gypsum_10hole,gypsum_10holes_0903
temp_2025-10-24-18-3-43_24_30_6_,6,3.19809,6.0,8.0,gypsum,gypsum_10hole,gypsum_10holes_0903
temp_2025-10-24-15-5-2_24_30_6_,7,1.88944,6.0,8.0,gypsum,gypsum_10hole,gypsum_10holes_0903
temp_2025-10-24-16-20-27_24_30_6_,7,1.88944,6.0,8.0,gypsum,gypsum_10hole,gypsum_10holes_0903
temp_2025-10-24-17-22-34_24_30_6_,7,1.88944,6.0,8.0,gypsum,gypsum_10hole,gypsum_10holes_0903
temp_2025-10-24-18-3-43_24_30_6_,7,1.88944,6.0,8.0,gypsum,gypsum_10hole,gypsum_10holes_0903
temp_2025-10-24-15-5-2_24_30_6_,8,2.13918,6.0,8.0,gypsum,gypsum_10hole,gypsum_10holes_0903
temp_2025-10-24-16-20-27_24_30_6_,8,2.13918,6.0,8.0,gypsum,gypsum_10hole,gypsum_10holes_0903
temp_2025-10-24-17-22-34_24_30_6_,8,2.13918,6.0,8.0,gypsum,gypsum_10hole,gypsum_10holes_0903
temp_2025-10-24-18-3-43_24_30_6_,8,2.13918,6.0,8.0,gypsum,gypsum_10hole,gypsum_10holes_0903
temp_2025-10-24-15-5-2_24_30_6_,9,0.93233,6.0,8.0,gypsum,gypsum_10hole,gypsum_10holes_0903
temp_2025-10-24-16-20-27_24_30_6_,9,0.93233,6.0,8.0,gypsum,gypsum_10hole,gypsum_10holes_0903
temp_2025-10-24-17-22-34_24_30_6_,9,0.93233,6.0,8.0,gypsum,gypsum_10hole,gypsum_10holes_0903
temp_2025-10-24-18-3-43_24_30_6_,9,0.93233,6.0,8.0,gypsum,gypsum_10hole,gypsum_10holes_0903
temp_2025-10-24-15-1-25_24_32_8_,1,13.22656,8.0,8.0,gypsum,gypsum_10hole,gypsum_10holes_0903
temp_2025-10-24-16-15-10_24_32_8_,1,13.22656,8.0,8.0,gypsum,gypsum_10hole,gypsum_10holes_0903
temp_2025-10-24-17-18-34_24_32_8_,1,13.22656,8.0,8.0,gypsum,gypsum_10hole,gypsum_10holes_0903
temp_2025-10-24-18-1-42_24_32_8_,1,13.22656,8.0,8.0,gypsum,gypsum_10hole,gypsum_10holes_0903
temp_2025-10-24-15-1-25_24_32_8_,10,17.7869,8.0,8.0,gypsum,gypsum_10hole,gypsum_10holes_0903
temp_2025-10-24-16-15-10_24_32_8_,10,17.7869,8.0,8.0,gypsum,gypsum_10hole,gypsum_10holes_0903
temp_2025-10-24-17-18-34_24_32_8_,10,17.7869,8.0,8.0,gypsum,gypsum_10hole,gypsum_10holes_0903
temp_2025-10-24-18-1-42_24_32_8_,10,17.7869,8.0,8.0,gypsum,gypsum_10hole,gypsum_10holes_0903
temp_2025-10-24-15-1-25_24_32_8_,2,3.462,8.0,8.0,gypsum,gypsum_10hole,gypsum_10holes_0903
temp_2025-10-24-16-15-10_24_32_8_,2,3.462,8.0,8.0,gypsum,gypsum_10hole,gypsum_10holes_0903
temp_2025-10-24-17-18-34_24_32_8_,2,3.462,8.0,8.0,gypsum,gypsum_10hole,gypsum_10holes_0903
temp_2025-10-24-18-1-42_24_32_8_,2,3.462,8.0,8.0,gypsum,gypsum_10hole,gypsum_10holes_0903
temp_2025-10-24-15-1-25_24_32_8_,3,1.9103,8.0,8.0,gypsum,gypsum_10hole,gypsum_10holes_0903
temp_2025-10-24-16-15-10_24_32_8_,3,1.9103,8.0,8.0,gypsum,gypsum_10hole,gypsum_10holes_0903
temp_2025-10-24-17-18-34_24_32_8_,3,1.9103,8.0,8.0,gypsum,gypsum_10hole,gypsum_10holes_0903
temp_2025-10-24-18-1-42_24_32_8_,3,1.9103,8.0,8.0,gypsum,gypsum_10hole,gypsum_10holes_0903
temp_2025-10-24-15-1-25_24_32_8_,4,1.51533,8.0,8.0,gypsum,gypsum_10hole,gypsum_10holes_0903
temp_2025-10-24-16-15-10_24_32_8_,4,1.51533,8.0,8.0,gypsum,gypsum_10hole,gypsum_10holes_0903
temp_2025-10-24-17-18-34_24_32_8_,4,1.51533,8.0,8.0,gypsum,gypsum_10hole,gypsum_10holes_0903
temp_2025-10-24-18-1-42_24_32_8_,4,1.51533,8.0,8.0,gypsum,gypsum_10hole,gypsum_10holes_0903
temp_2025-10-24-15-1-25_24_32_8_,5,0.51756,8.0,8.0,gypsum,gypsum_10hole,gypsum_10holes_0903
temp_2025-10-24-16-15-10_24_32_8_,5,0.51756,8.0,8.0,gypsum,gypsum_10hole,gypsum_10holes_0903
temp_2025-10-24-17-18-34_24_32_8_,5,0.51756,8.0,8.0,gypsum,gypsum_10hole,gypsum_10holes_0903
temp_2025-10-24-18-1-42_24_32_8_,5,0.51756,8.0,8.0,gypsum,gypsum_10hole,gypsum_10holes_0903
temp_2025-10-24-15-1-25_24_32_8_,6,3.19809,8.0,8.0,gypsum,gypsum_10hole,gypsum_10holes_0903
temp_2025-10-24-16-15-10_24_32_8_,6,3.19809,8.0,8.0,gypsum,gypsum_10hole,gypsum_10holes_0903
temp_2025-10-24-17-18-34_24_32_8_,6,3.19809,8.0,8.0,gypsum,gypsum_10hole,gypsum_10holes_0903
temp_2025-10-24-18-1-42_24_32_8_,6,3.19809,8.0,8.0,gypsum,gypsum_10hole,gypsum_10holes_0903
temp_2025-10-24-15-1-25_24_32_8_,7,1.88944,8.0,8.0,gypsum,gypsum_10hole,gypsum_10holes_0903
temp_2025-10-24-16-15-10_24_32_8_,7,1.88944,8.0,8.0,gypsum,gypsum_10hole,gypsum_10holes_0903
temp_2025-10-24-17-18-34_24_32_8_,7,1.88944,8.0,8.0,gypsum,gypsum_10hole,gypsum_10holes_0903
temp_2025-10-24-18-1-42_24_32_8_,7,1.88944,8.0,8.0,gypsum,gypsum_10hole,gypsum_10holes_0903
temp_2025-10-24-15-1-25_24_32_8_,8,2.13918,8.0,8.0,gypsum,gypsum_10hole,gypsum_10holes_0903
temp_2025-10-24-16-15-10_24_32_8_,8,2.13918,8.0,8.0,gypsum,gypsum_10hole,gypsum_10holes_0903
temp_2025-10-24-17-18-34_24_32_8_,8,2.13918,8.0,8.0,gypsum,gypsum_10hole,gypsum_10holes_0903
temp_2025-10-24-18-1-42_24_32_8_,8,2.13918,8.0,8.0,gypsum,gypsum_10hole,gypsum_10holes_0903
temp_2025-10-24-15-1-25_24_32_8_,9,0.93233,8.0,8.0,gypsum,gypsum_10hole,gypsum_10holes_0903
temp_2025-10-24-16-15-10_24_32_8_,9,0.93233,8.0,8.0,gypsum,gypsum_10hole,gypsum_10holes_0903
temp_2025-10-24-17-18-34_24_32_8_,9,0.93233,8.0,8.0,gypsum,gypsum_10hole,gypsum_10holes_0903
temp_2025-10-24-18-1-42_24_32_8_,9,0.93233,8.0,8.0,gypsum,gypsum_10hole,gypsum_10holes_0903
temp_2025-10-24-14-59-40_24_334_10_,1,13.22656,10.0,8.0,gypsum,gypsum_10hole,gypsum_10holes_0903
temp_2025-10-24-16-13-33_24_34_10_,1,13.22656,10.0,8.0,gypsum,gypsum_10hole,gypsum_10holes_0903
temp_2025-10-24-17-16-40_24_34_10_,1,13.22656,10.0,8.0,gypsum,gypsum_10hole,gypsum_10holes_0903
temp_2025-10-24-18-0-33_24_34_10_,1,13.22656,10.0,8.0,gypsum,gypsum_10hole,gypsum_10holes_0903
temp_2025-10-24-14-59-40_24_334_10_,10,17.7869,10.0,8.0,gypsum,gypsum_10hole,gypsum_10holes_0903
temp_2025-10-24-16-13-33_24_34_10_,10,17.7869,10.0,8.0,gypsum,gypsum_10hole,gypsum_10holes_0903
temp_2025-10-24-17-16-40_24_34_10_,10,17.7869,10.0,8.0,gypsum,gypsum_10hole,gypsum_10holes_0903
temp_2025-10-24-18-0-33_24_34_10_,10,17.7869,10.0,8.0,gypsum,gypsum_10hole,gypsum_10holes_0903
temp_2025-10-24-14-59-40_24_334_10_,2,3.462,10.0,8.0,gypsum,gypsum_10hole,gypsum_10holes_0903
temp_2025-10-24-16-13-33_24_34_10_,2,3.462,10.0,8.0,gypsum,gypsum_10hole,gypsum_10holes_0903
temp_2025-10-24-17-16-40_24_34_10_,2,3.462,10.0,8.0,gypsum,gypsum_10hole,gypsum_10holes_0903
temp_2025-10-24-18-0-33_24_34_10_,2,3.462,10.0,8.0,gypsum,gypsum_10hole,gypsum_10holes_0903
temp_2025-10-24-14-59-40_24_334_10_,3,1.9103,10.0,8.0,gypsum,gypsum_10hole,gypsum_10holes_0903
temp_2025-10-24-16-13-33_24_34_10_,3,1.9103,10.0,8.0,gypsum,gypsum_10hole,gypsum_10holes_0903
temp_2025-10-24-17-16-40_24_34_10_,3,1.9103,10.0,8.0,gypsum,gypsum_10hole,gypsum_10holes_0903
temp_2025-10-24-18-0-33_24_34_10_,3,1.9103,10.0,8.0,gypsum,gypsum_10hole,gypsum_10holes_0903
temp_2025-10-24-14-59-40_24_334_10_,4,1.51533,10.0,8.0,gypsum,gypsum_10hole,gypsum_10holes_0903
temp_2025-10-24-16-13-33_24_34_10_,4,1.51533,10.0,8.0,gypsum,gypsum_10hole,gypsum_10holes_0903
temp_2025-10-24-17-16-40_24_34_10_,4,1.51533,10.0,8.0,gypsum,gypsum_10hole,gypsum_10holes_0903
temp_2025-10-24-18-0-33_24_34_10_,4,1.51533,10.0,8.0,gypsum,gypsum_10hole,gypsum_10holes_0903
temp_2025-10-24-14-59-40_24_334_10_,5,0.51756,10.0,8.0,gypsum,gypsum_10hole,gypsum_10holes_0903
temp_2025-10-24-16-13-33_24_34_10_,5,0.51756,10.0,8.0,gypsum,gypsum_10hole,gypsum_10holes_0903
temp_2025-10-24-17-16-40_24_34_10_,5,0.51756,10.0,8.0,gypsum,gypsum_10hole,gypsum_10holes_0903
temp_2025-10-24-18-0-33_24_34_10_,5,0.51756,10.0,8.0,gypsum,gypsum_10hole,gypsum_10holes_0903
temp_2025-10-24-14-59-40_24_334_10_,6,3.19809,10.0,8.0,gypsum,gypsum_10hole,gypsum_10holes_0903
temp_2025-10-24-16-13-33_24_34_10_,6,3.19809,10.0,8.0,gypsum,gypsum_10hole,gypsum_10holes_0903
temp_2025-10-24-17-16-40_24_34_10_,6,3.19809,10.0,8.0,gypsum,gypsum_10hole,gypsum_10holes_0903
temp_2025-10-24-18-0-33_24_34_10_,6,3.19809,10.0,8.0,gypsum,gypsum_10hole,gypsum_10holes_0903
temp_2025-10-24-14-59-40_24_334_10_,7,1.88944,10.0,8.0,gypsum,gypsum_10hole,gypsum_10holes_0903
temp_2025-10-24-16-13-33_24_34_10_,7,1.88944,10.0,8.0,gypsum,gypsum_10hole,gypsum_10holes_0903
temp_2025-10-24-17-16-40_24_34_10_,7,1.88944,10.0,8.0,gypsum,gypsum_10hole,gypsum_10holes_0903
temp_2025-10-24-18-0-33_24_34_10_,7,1.88944,10.0,8.0,gypsum,gypsum_10hole,gypsum_10holes_0903
temp_2025-10-24-14-59-40_24_334_10_,8,2.13918,10.0,8.0,gypsum,gypsum_10hole,gypsum_10holes_0903
temp_2025-10-24-16-13-33_24_34_10_,8,2.13918,10.0,8.0,gypsum,gypsum_10hole,gypsum_10holes_0903
temp_2025-10-24-17-16-40_24_34_10_,8,2.13918,10.0,8.0,gypsum,gypsum_10hole,gypsum_10holes_0903
temp_2025-10-24-18-0-33_24_34_10_,8,2.13918,10.0,8.0,gypsum,gypsum_10hole,gypsum_10holes_0903
temp_2025-10-24-14-59-40_24_334_10_,9,0.93233,10.0,8.0,gypsum,gypsum_10hole,gypsum_10holes_0903
temp_2025-10-24-16-13-33_24_34_10_,9,0.93233,10.0,8.0,gypsum,gypsum_10hole,gypsum_10holes_0903
temp_2025-10-24-17-16-40_24_34_10_,9,0.93233,10.0,8.0,gypsum,gypsum_10hole,gypsum_10holes_0903
temp_2025-10-24-18-0-33_24_34_10_,9,0.93233,10.0,8.0,gypsum,gypsum_10hole,gypsum_10holes_0903
temp_2025-10-24-14-58-54_23_35_12_,1,13.22656,12.0,8.0,gypsum,gypsum_10hole,gypsum_10holes_0903
temp_2025-10-24-16-12-34_24_36_12_,1,13.22656,12.0,8.0,gypsum,gypsum_10hole,gypsum_10holes_0903
temp_2025-10-24-17-15-37_24_36_12_,1,13.22656,12.0,8.0,gypsum,gypsum_10hole,gypsum_10holes_0903
temp_2025-10-24-17-59-59_24_36_12_,1,13.22656,12.0,8.0,gypsum,gypsum_10hole,gypsum_10holes_0903
temp_2025-10-24-14-58-54_23_35_12_,10,17.7869,12.0,8.0,gypsum,gypsum_10hole,gypsum_10holes_0903
temp_2025-10-24-16-12-34_24_36_12_,10,17.7869,12.0,8.0,gypsum,gypsum_10hole,gypsum_10holes_0903
temp_2025-10-24-17-15-37_24_36_12_,10,17.7869,12.0,8.0,gypsum,gypsum_10hole,gypsum_10holes_0903
temp_2025-10-24-17-59-59_24_36_12_,10,17.7869,12.0,8.0,gypsum,gypsum_10hole,gypsum_10holes_0903
temp_2025-10-24-14-58-54_23_35_12_,2,3.462,12.0,8.0,gypsum,gypsum_10hole,gypsum_10holes_0903
temp_2025-10-24-16-12-34_24_36_12_,2,3.462,12.0,8.0,gypsum,gypsum_10hole,gypsum_10holes_0903
temp_2025-10-24-17-15-37_24_36_12_,2,3.462,12.0,8.0,gypsum,gypsum_10hole,gypsum_10holes_0903
temp_2025-10-24-17-59-59_24_36_12_,2,3.462,12.0,8.0,gypsum,gypsum_10hole,gypsum_10holes_0903
temp_2025-10-24-14-58-54_23_35_12_,3,1.9103,12.0,8.0,gypsum,gypsum_10hole,gypsum_10holes_0903
temp_2025-10-24-16-12-34_24_36_12_,3,1.9103,12.0,8.0,gypsum,gypsum_10hole,gypsum_10holes_0903
temp_2025-10-24-17-15-37_24_36_12_,3,1.9103,12.0,8.0,gypsum,gypsum_10hole,gypsum_10holes_0903
temp_2025-10-24-17-59-59_24_36_12_,3,1.9103,12.0,8.0,gypsum,gypsum_10hole,gypsum_10holes_0903
temp_2025-10-24-14-58-54_23_35_12_,4,1.51533,12.0,8.0,gypsum,gypsum_10hole,gypsum_10holes_0903
temp_2025-10-24-16-12-34_24_36_12_,4,1.51533,12.0,8.0,gypsum,gypsum_10hole,gypsum_10holes_0903
temp_2025-10-24-17-15-37_24_36_12_,4,1.51533,12.0,8.0,gypsum,gypsum_10hole,gypsum_10holes_0903
temp_2025-10-24-17-59-59_24_36_12_,4,1.51533,12.0,8.0,gypsum,gypsum_10hole,gypsum_10holes_0903
temp_2025-10-24-14-58-54_23_35_12_,5,0.51756,12.0,8.0,gypsum,gypsum_10hole,gypsum_10holes_0903
temp_2025-10-24-16-12-34_24_36_12_,5,0.51756,12.0,8.0,gypsum,gypsum_10hole,gypsum_10holes_0903
temp_2025-10-24-17-15-37_24_36_12_,5,0.51756,12.0,8.0,gypsum,gypsum_10hole,gypsum_10holes_0903
temp_2025-10-24-17-59-59_24_36_12_,5,0.51756,12.0,8.0,gypsum,gypsum_10hole,gypsum_10holes_0903
temp_2025-10-24-14-58-54_23_35_12_,6,3.19809,12.0,8.0,gypsum,gypsum_10hole,gypsum_10holes_0903
temp_2025-10-24-16-12-34_24_36_12_,6,3.19809,12.0,8.0,gypsum,gypsum_10hole,gypsum_10holes_0903
temp_2025-10-24-17-15-37_24_36_12_,6,3.19809,12.0,8.0,gypsum,gypsum_10hole,gypsum_10holes_0903
temp_2025-10-24-17-59-59_24_36_12_,6,3.19809,12.0,8.0,gypsum,gypsum_10hole,gypsum_10holes_0903
temp_2025-10-24-14-58-54_23_35_12_,7,1.88944,12.0,8.0,gypsum,gypsum_10hole,gypsum_10holes_0903
temp_2025-10-24-16-12-34_24_36_12_,7,1.88944,12.0,8.0,gypsum,gypsum_10hole,gypsum_10holes_0903
temp_2025-10-24-17-15-37_24_36_12_,7,1.88944,12.0,8.0,gypsum,gypsum_10hole,gypsum_10holes_0903
temp_2025-10-24-17-59-59_24_36_12_,7,1.88944,12.0,8.0,gypsum,gypsum_10hole,gypsum_10holes_0903
temp_2025-10-24-14-58-54_23_35_12_,8,2.13918,12.0,8.0,gypsum,gypsum_10hole,gypsum_10holes_0903
temp_2025-10-24-16-12-34_24_36_12_,8,2.13918,12.0,8.0,gypsum,gypsum_10hole,gypsum_10holes_0903
temp_2025-10-24-17-15-37_24_36_12_,8,2.13918,12.0,8.0,gypsum,gypsum_10hole,gypsum_10holes_0903
temp_2025-10-24-17-59-59_24_36_12_,8,2.13918,12.0,8.0,gypsum,gypsum_10hole,gypsum_10holes_0903
temp_2025-10-24-14-58-54_23_35_12_,9,0.93233,12.0,8.0,gypsum,gypsum_10hole,gypsum_10holes_0903
temp_2025-10-24-16-12-34_24_36_12_,9,0.93233,12.0,8.0,gypsum,gypsum_10hole,gypsum_10holes_0903
temp_2025-10-24-17-15-37_24_36_12_,9,0.93233,12.0,8.0,gypsum,gypsum_10hole,gypsum_10holes_0903
temp_2025-10-24-17-59-59_24_36_12_,9,0.93233,12.0,8.0,gypsum,gypsum_10hole,gypsum_10holes_0903
temp_2025-10-27-10-1-5_23_29_6_,1,16.22772,6.0,12.0,gypsum,gypsum_10hole,gypsum_10holes_0903
temp_2025-10-27-11-27-21_23_29_6_,1,16.22772,6.0,12.0,gypsum,gypsum_10hole,gypsum_10holes_0903
temp_2025-10-27-15-25-51_23_29_6_,1,16.22772,6.0,12.0,gypsum,gypsum_10hole,gypsum_10holes_0903
temp_2025-10-27-16-43-23_23_29_6_,1,16.22772,6.0,12.0,gypsum,gypsum_10hole,gypsum_10holes_0903
temp_2025-10-27-10-1-5_23_29_6_,10,21.72887,6.0,12.0,gypsum,gypsum_10hole,gypsum_10holes_0903
temp_2025-10-27-11-27-21_23_29_6_,10,21.72887,6.0,12.0,gypsum,gypsum_10hole,gypsum_10holes_0903
temp_2025-10-27-15-25-51_23_29_6_,10,21.72887,6.0,12.0,gypsum,gypsum_10hole,gypsum_10holes_0903
temp_2025-10-27-16-43-23_23_29_6_,10,21.72887,6.0,12.0,gypsum,gypsum_10hole,gypsum_10holes_0903
temp_2025-10-27-10-1-5_23_29_6_,2,4.3338,6.0,12.0,gypsum,gypsum_10hole,gypsum_10holes_0903
temp_2025-10-27-11-27-21_23_29_6_,2,4.3338,6.0,12.0,gypsum,gypsum_10hole,gypsum_10holes_0903
temp_2025-10-27-15-25-51_23_29_6_,2,4.3338,6.0,12.0,gypsum,gypsum_10hole,gypsum_10holes_0903
temp_2025-10-27-16-43-23_23_29_6_,2,4.3338,6.0,12.0,gypsum,gypsum_10hole,gypsum_10holes_0903
temp_2025-10-27-10-1-5_23_29_6_,3,2.40095,6.0,12.0,gypsum,gypsum_10hole,gypsum_10holes_0903
temp_2025-10-27-11-27-21_23_29_6_,3,2.40095,6.0,12.0,gypsum,gypsum_10hole,gypsum_10holes_0903
temp_2025-10-27-15-25-51_23_29_6_,3,2.40095,6.0,12.0,gypsum,gypsum_10hole,gypsum_10holes_0903
temp_2025-10-27-16-43-23_23_29_6_,3,2.40095,6.0,12.0,gypsum,gypsum_10hole,gypsum_10holes_0903
temp_2025-10-27-10-1-5_23_29_6_,4,1.89899,6.0,12.0,gypsum,gypsum_10hole,gypsum_10holes_0903
temp_2025-10-27-11-27-21_23_29_6_,4,1.89899,6.0,12.0,gypsum,gypsum_10hole,gypsum_10holes_0903
temp_2025-10-27-15-25-51_23_29_6_,4,1.89899,6.0,12.0,gypsum,gypsum_10hole,gypsum_10holes_0903
temp_2025-10-27-16-43-23_23_29_6_,4,1.89899,6.0,12.0,gypsum,gypsum_10hole,gypsum_10holes_0903
temp_2025-10-27-10-1-5_23_29_6_,5,0.71526,6.0,12.0,gypsum,gypsum_10hole,gypsum_10holes_0903
temp_2025-10-27-11-27-21_23_29_6_,5,0.71526,6.0,12.0,gypsum,gypsum_10hole,gypsum_10holes_0903
temp_2025-10-27-15-25-51_23_29_6_,5,0.71526,6.0,12.0,gypsum,gypsum_10hole,gypsum_10holes_0903
temp_2025-10-27-16-43-23_23_29_6_,5,0.71526,6.0,12.0,gypsum,gypsum_10hole,gypsum_10holes_0903
temp_2025-10-27-10-1-5_23_29_6_,6,4.01428,6.0,12.0,gypsum,gypsum_10hole,gypsum_10holes_0903
temp_2025-10-27-11-27-21_23_29_6_,6,4.01428,6.0,12.0,gypsum,gypsum_10hole,gypsum_10holes_0903
temp_2025-10-27-15-25-51_23_29_6_,6,4.01428,6.0,12.0,gypsum,gypsum_10hole,gypsum_10holes_0903
temp_2025-10-27-16-43-23_23_29_6_,6,4.01428,6.0,12.0,gypsum,gypsum_10hole,gypsum_10holes_0903
temp_2025-10-27-10-1-5_23_29_6_,7,2.38685,6.0,12.0,gypsum,gypsum_10hole,gypsum_10holes_0903
temp_2025-10-27-11-27-21_23_29_6_,7,2.38685,6.0,12.0,gypsum,gypsum_10hole,gypsum_10holes_0903
temp_2025-10-27-15-25-51_23_29_6_,7,2.38685,6.0,12.0,gypsum,gypsum_10hole,gypsum_10holes_0903
temp_2025-10-27-16-43-23_23_29_6_,7,2.38685,6.0,12.0,gypsum,gypsum_10hole,gypsum_10holes_0903
temp_2025-10-27-10-1-5_23_29_6_,8,2.62623,6.0,12.0,gypsum,gypsum_10hole,gypsum_10holes_0903
temp_2025-10-27-11-27-21_23_29_6_,8,2.62623,6.0,12.0,gypsum,gypsum_10hole,gypsum_10holes_0903
temp_2025-10-27-15-25-51_23_29_6_,8,2.62623,6.0,12.0,gypsum,gypsum_10hole,gypsum_10holes_0903
temp_2025-10-27-16-43-23_23_29_6_,8,2.62623,6.0,12.0,gypsum,gypsum_10hole,gypsum_10holes_0903
temp_2025-10-27-10-1-5_23_29_6_,9,1.2257,6.0,12.0,gypsum,gypsum_10hole,gypsum_10holes_0903
temp_2025-10-27-11-27-21_23_29_6_,9,1.2257,6.0,12.0,gypsum,gypsum_10hole,gypsum_10holes_0903
temp_2025-10-27-15-25-51_23_29_6_,9,1.2257,6.0,12.0,gypsum,gypsum_10hole,gypsum_10holes_0903
temp_2025-10-27-16-43-23_23_29_6_,9,1.2257,6.0,12.0,gypsum,gypsum_10hole,gypsum_10holes_0903
temp_2025-10-27-11-23-17_23_31_8_,1,16.22772,8.0,12.0,gypsum,gypsum_10hole,gypsum_10holes_0903
temp_2025-10-27-15-21-44_23_31_8_,1,16.22772,8.0,12.0,gypsum,gypsum_10hole,gypsum_10holes_0903
temp_2025-10-27-16-38-47_23_31_8_,1,16.22772,8.0,12.0,gypsum,gypsum_10hole,gypsum_10holes_0903
temp_2025-10-27-9-51-44_23_31_8_,1,16.22772,8.0,12.0,gypsum,gypsum_10hole,gypsum_10holes_0903
temp_2025-10-27-9-57-50_23_31_8_,1,16.22772,8.0,12.0,gypsum,gypsum_10hole,gypsum_10holes_0903
temp_2025-10-27-11-23-17_23_31_8_,10,21.72887,8.0,12.0,gypsum,gypsum_10hole,gypsum_10holes_0903
temp_2025-10-27-15-21-44_23_31_8_,10,21.72887,8.0,12.0,gypsum,gypsum_10hole,gypsum_10holes_0903
temp_2025-10-27-16-38-47_23_31_8_,10,21.72887,8.0,12.0,gypsum,gypsum_10hole,gypsum_10holes_0903
temp_2025-10-27-9-51-44_23_31_8_,10,21.72887,8.0,12.0,gypsum,gypsum_10hole,gypsum_10holes_0903
temp_2025-10-27-9-57-50_23_31_8_,10,21.72887,8.0,12.0,gypsum,gypsum_10hole,gypsum_10holes_0903
temp_2025-10-27-11-23-17_23_31_8_,2,4.3338,8.0,12.0,gypsum,gypsum_10hole,gypsum_10holes_0903
temp_2025-10-27-15-21-44_23_31_8_,2,4.3338,8.0,12.0,gypsum,gypsum_10hole,gypsum_10holes_0903
temp_2025-10-27-16-38-47_23_31_8_,2,4.3338,8.0,12.0,gypsum,gypsum_10hole,gypsum_10holes_0903
temp_2025-10-27-9-51-44_23_31_8_,2,4.3338,8.0,12.0,gypsum,gypsum_10hole,gypsum_10holes_0903
temp_2025-10-27-9-57-50_23_31_8_,2,4.3338,8.0,12.0,gypsum,gypsum_10hole,gypsum_10holes_0903
temp_2025-10-27-11-23-17_23_31_8_,3,2.40095,8.0,12.0,gypsum,gypsum_10hole,gypsum_10holes_0903
temp_2025-10-27-15-21-44_23_31_8_,3,2.40095,8.0,12.0,gypsum,gypsum_10hole,gypsum_10holes_0903
temp_2025-10-27-16-38-47_23_31_8_,3,2.40095,8.0,12.0,gypsum,gypsum_10hole,gypsum_10holes_0903
temp_2025-10-27-9-51-44_23_31_8_,3,2.40095,8.0,12.0,gypsum,gypsum_10hole,gypsum_10holes_0903
temp_2025-10-27-9-57-50_23_31_8_,3,2.40095,8.0,12.0,gypsum,gypsum_10hole,gypsum_10holes_0903
temp_2025-10-27-11-23-17_23_31_8_,4,1.89899,8.0,12.0,gypsum,gypsum_10hole,gypsum_10holes_0903
temp_2025-10-27-15-21-44_23_31_8_,4,1.89899,8.0,12.0,gypsum,gypsum_10hole,gypsum_10holes_0903
temp_2025-10-27-16-38-47_23_31_8_,4,1.89899,8.0,12.0,gypsum,gypsum_10hole,gypsum_10holes_0903
temp_2025-10-27-9-51-44_23_31_8_,4,1.89899,8.0,12.0,gypsum,gypsum_10hole,gypsum_10holes_0903
temp_2025-10-27-9-57-50_23_31_8_,4,1.89899,8.0,12.0,gypsum,gypsum_10hole,gypsum_10holes_0903
temp_2025-10-27-11-23-17_23_31_8_,5,0.71526,8.0,12.0,gypsum,gypsum_10hole,gypsum_10holes_0903
temp_2025-10-27-15-21-44_23_31_8_,5,0.71526,8.0,12.0,gypsum,gypsum_10hole,gypsum_10holes_0903
temp_2025-10-27-16-38-47_23_31_8_,5,0.71526,8.0,12.0,gypsum,gypsum_10hole,gypsum_10holes_0903
temp_2025-10-27-9-51-44_23_31_8_,5,0.71526,8.0,12.0,gypsum,gypsum_10hole,gypsum_10holes_0903
temp_2025-10-27-9-57-50_23_31_8_,5,0.71526,8.0,12.0,gypsum,gypsum_10hole,gypsum_10holes_0903
temp_2025-10-27-11-23-17_23_31_8_,6,4.01428,8.0,12.0,gypsum,gypsum_10hole,gypsum_10holes_0903
temp_2025-10-27-15-21-44_23_31_8_,6,4.01428,8.0,12.0,gypsum,gypsum_10hole,gypsum_10holes_0903
temp_2025-10-27-16-38-47_23_31_8_,6,4.01428,8.0,12.0,gypsum,gypsum_10hole,gypsum_10holes_0903
temp_2025-10-27-9-51-44_23_31_8_,6,4.01428,8.0,12.0,gypsum,gypsum_10hole,gypsum_10holes_0903
temp_2025-10-27-9-57-50_23_31_8_,6,4.01428,8.0,12.0,gypsum,gypsum_10hole,gypsum_10holes_0903
temp_2025-10-27-11-23-17_23_31_8_,7,2.38685,8.0,12.0,gypsum,gypsum_10hole,gypsum_10holes_0903
temp_2025-10-27-15-21-44_23_31_8_,7,2.38685,8.0,12.0,gypsum,gypsum_10hole,gypsum_10holes_0903
temp_2025-10-27-16-38-47_23_31_8_,7,2.38685,8.0,12.0,gypsum,gypsum_10hole,gypsum_10holes_0903
temp_2025-10-27-9-51-44_23_31_8_,7,2.38685,8.0,12.0,gypsum,gypsum_10hole,gypsum_10holes_0903
temp_2025-10-27-9-57-50_23_31_8_,7,2.38685,8.0,12.0,gypsum,gypsum_10hole,gypsum_10holes_0903
temp_2025-10-27-11-23-17_23_31_8_,8,2.62623,8.0,12.0,gypsum,gypsum_10hole,gypsum_10holes_0903
temp_2025-10-27-15-21-44_23_31_8_,8,2.62623,8.0,12.0,gypsum,gypsum_10hole,gypsum_10holes_0903
temp_2025-10-27-16-38-47_23_31_8_,8,2.62623,8.0,12.0,gypsum,gypsum_10hole,gypsum_10holes_0903
temp_2025-10-27-9-51-44_23_31_8_,8,2.62623,8.0,12.0,gypsum,gypsum_10hole,gypsum_10holes_0903
temp_2025-10-27-9-57-50_23_31_8_,8,2.62623,8.0,12.0,gypsum,gypsum_10hole,gypsum_10holes_0903
temp_2025-10-27-11-23-17_23_31_8_,9,1.2257,8.0,12.0,gypsum,gypsum_10hole,gypsum_10holes_0903
temp_2025-10-27-15-21-44_23_31_8_,9,1.2257,8.0,12.0,gypsum,gypsum_10hole,gypsum_10holes_0903
temp_2025-10-27-16-38-47_23_31_8_,9,1.2257,8.0,12.0,gypsum,gypsum_10hole,gypsum_10holes_0903
temp_2025-10-27-9-51-44_23_31_8_,9,1.2257,8.0,12.0,gypsum,gypsum_10hole,gypsum_10holes_0903
temp_2025-10-27-9-57-50_23_31_8_,9,1.2257,8.0,12.0,gypsum,gypsum_10hole,gypsum_10holes_0903
temp_2025-10-27-11-21-15_23_33_10_,1,16.22772,10.0,12.0,gypsum,gypsum_10hole,gypsum_10holes_0903
temp_2025-10-27-15-19-44_23_33_10_,1,16.22772,10.0,12.0,gypsum,gypsum_10hole,gypsum_10holes_0903
temp_2025-10-27-16-36-33_23_33_10_,1,16.22772,10.0,12.0,gypsum,gypsum_10hole,gypsum_10holes_0903
temp_2025-10-27-9-50-12_23_33_10_,1,16.22772,10.0,12.0,gypsum,gypsum_10hole,gypsum_10holes_0903
temp_2025-10-27-11-21-15_23_33_10_,10,21.72887,10.0,12.0,gypsum,gypsum_10hole,gypsum_10holes_0903
temp_2025-10-27-15-19-44_23_33_10_,10,21.72887,10.0,12.0,gypsum,gypsum_10hole,gypsum_10holes_0903
temp_2025-10-27-16-36-33_23_33_10_,10,21.72887,10.0,12.0,gypsum,gypsum_10hole,gypsum_10holes_0903
temp_2025-10-27-9-50-12_23_33_10_,10,21.72887,10.0,12.0,gypsum,gypsum_10hole,gypsum_10holes_0903
temp_2025-10-27-11-21-15_23_33_10_,2,4.3338,10.0,12.0,gypsum,gypsum_10hole,gypsum_10holes_0903
temp_2025-10-27-15-19-44_23_33_10_,2,4.3338,10.0,12.0,gypsum,gypsum_10hole,gypsum_10holes_0903
temp_2025-10-27-16-36-33_23_33_10_,2,4.3338,10.0,12.0,gypsum,gypsum_10hole,gypsum_10holes_0903
temp_2025-10-27-9-50-12_23_33_10_,2,4.3338,10.0,12.0,gypsum,gypsum_10hole,gypsum_10holes_0903
temp_2025-10-27-11-21-15_23_33_10_,3,2.40095,10.0,12.0,gypsum,gypsum_10hole,gypsum_10holes_0903
temp_2025-10-27-15-19-44_23_33_10_,3,2.40095,10.0,12.0,gypsum,gypsum_10hole,gypsum_10holes_0903
temp_2025-10-27-16-36-33_23_33_10_,3,2.40095,10.0,12.0,gypsum,gypsum_10hole,gypsum_10holes_0903
temp_2025-10-27-9-50-12_23_33_10_,3,2.40095,10.0,12.0,gypsum,gypsum_10hole,gypsum_10holes_0903
temp_2025-10-27-11-21-15_23_33_10_,4,1.89899,10.0,12.0,gypsum,gypsum_10hole,gypsum_10holes_0903
temp_2025-10-27-15-19-44_23_33_10_,4,1.89899,10.0,12.0,gypsum,gypsum_10hole,gypsum_10holes_0903
temp_2025-10-27-16-36-33_23_33_10_,4,1.89899,10.0,12.0,gypsum,gypsum_10hole,gypsum_10holes_0903
temp_2025-10-27-9-50-12_23_33_10_,4,1.89899,10.0,12.0,gypsum,gypsum_10hole,gypsum_10holes_0903
temp_2025-10-27-11-21-15_23_33_10_,5,0.71526,10.0,12.0,gypsum,gypsum_10hole,gypsum_10holes_0903
temp_2025-10-27-15-19-44_23_33_10_,5,0.71526,10.0,12.0,gypsum,gypsum_10hole,gypsum_10holes_0903
temp_2025-10-27-16-36-33_23_33_10_,5,0.71526,10.0,12.0,gypsum,gypsum_10hole,gypsum_10holes_0903
temp_2025-10-27-9-50-12_23_33_10_,5,0.71526,10.0,12.0,gypsum,gypsum_10hole,gypsum_10holes_0903
temp_2025-10-27-11-21-15_23_33_10_,6,4.01428,10.0,12.0,gypsum,gypsum_10hole,gypsum_10holes_0903
temp_2025-10-27-15-19-44_23_33_10_,6,4.01428,10.0,12.0,gypsum,gypsum_10hole,gypsum_10holes_0903
temp_2025-10-27-16-36-33_23_33_10_,6,4.01428,10.0,12.0,gypsum,gypsum_10hole,gypsum_10holes_0903
temp_2025-10-27-9-50-12_23_33_10_,6,4.01428,10.0,12.0,gypsum,gypsum_10hole,gypsum_10holes_0903
temp_2025-10-27-11-21-15_23_33_10_,7,2.38685,10.0,12.0,gypsum,gypsum_10hole,gypsum_10holes_0903
temp_2025-10-27-15-19-44_23_33_10_,7,2.38685,10.0,12.0,gypsum,gypsum_10hole,gypsum_10holes_0903
temp_2025-10-27-16-36-33_23_33_10_,7,2.38685,10.0,12.0,gypsum,gypsum_10hole,gypsum_10holes_0903
temp_2025-10-27-9-50-12_23_33_10_,7,2.38685,10.0,12.0,gypsum,gypsum_10hole,gypsum_10holes_0903
temp_2025-10-27-11-21-15_23_33_10_,8,2.62623,10.0,12.0,gypsum,gypsum_10hole,gypsum_10holes_0903
temp_2025-10-27-15-19-44_23_33_10_,8,2.62623,10.0,12.0,gypsum,gypsum_10hole,gypsum_10holes_0903
temp_2025-10-27-16-36-33_23_33_10_,8,2.62623,10.0,12.0,gypsum,gypsum_10hole,gypsum_10holes_0903
temp_2025-10-27-9-50-12_23_33_10_,8,2.62623,10.0,12.0,gypsum,gypsum_10hole,gypsum_10holes_0903
temp_2025-10-27-11-21-15_23_33_10_,9,1.2257,10.0,12.0,gypsum,gypsum_10hole,gypsum_10holes_0903
temp_2025-10-27-15-19-44_23_33_10_,9,1.2257,10.0,12.0,gypsum,gypsum_10hole,gypsum_10holes_0903
temp_2025-10-27-16-36-33_23_33_10_,9,1.2257,10.0,12.0,gypsum,gypsum_10hole,gypsum_10holes_0903
temp_2025-10-27-9-50-12_23_33_10_,9,1.2257,10.0,12.0,gypsum,gypsum_10hole,gypsum_10holes_0903
temp_2025-10-27-11-19-52_23_35_12_,1,16.22772,12.0,12.0,gypsum,gypsum_10hole,gypsum_10holes_0903
temp_2025-10-27-15-18-47_23_35_12_,1,16.22772,12.0,12.0,gypsum,gypsum_10hole,gypsum_10holes_0903
temp_2025-10-27-16-35-42_23_35_12_,1,16.22772,12.0,12.0,gypsum,gypsum_10hole,gypsum_10holes_0903
temp_2025-10-27-9-48-49_23_35_12_,1,16.22772,12.0,12.0,gypsum,gypsum_10hole,gypsum_10holes_0903
temp_2025-10-27-11-19-52_23_35_12_,10,21.72887,12.0,12.0,gypsum,gypsum_10hole,gypsum_10holes_0903
temp_2025-10-27-15-18-47_23_35_12_,10,21.72887,12.0,12.0,gypsum,gypsum_10hole,gypsum_10holes_0903
temp_2025-10-27-16-35-42_23_35_12_,10,21.72887,12.0,12.0,gypsum,gypsum_10hole,gypsum_10holes_0903
temp_2025-10-27-9-48-49_23_35_12_,10,21.72887,12.0,12.0,gypsum,gypsum_10hole,gypsum_10holes_0903
temp_2025-10-27-11-19-52_23_35_12_,2,4.3338,12.0,12.0,gypsum,gypsum_10hole,gypsum_10holes_0903
temp_2025-10-27-15-18-47_23_35_12_,2,4.3338,12.0,12.0,gypsum,gypsum_10hole,gypsum_10holes_0903
temp_2025-10-27-16-35-42_23_35_12_,2,4.3338,12.0,12.0,gypsum,gypsum_10hole,gypsum_10holes_0903
temp_2025-10-27-9-48-49_23_35_12_,2,4.3338,12.0,12.0,gypsum,gypsum_10hole,gypsum_10holes_0903
temp_2025-10-27-11-19-52_23_35_12_,3,2.40095,12.0,12.0,gypsum,gypsum_10hole,gypsum_10holes_0903
temp_2025-10-27-15-18-47_23_35_12_,3,2.40095,12.0,12.0,gypsum,gypsum_10hole,gypsum_10holes_0903
temp_2025-10-27-16-35-42_23_35_12_,3,2.40095,12.0,12.0,gypsum,gypsum_10hole,gypsum_10holes_0903
temp_2025-10-27-9-48-49_23_35_12_,3,2.40095,12.0,12.0,gypsum,gypsum_10hole,gypsum_10holes_0903
temp_2025-10-27-11-19-52_23_35_12_,4,1.89899,12.0,12.0,gypsum,gypsum_10hole,gypsum_10holes_0903
temp_2025-10-27-15-18-47_23_35_12_,4,1.89899,12.0,12.0,gypsum,gypsum_10hole,gypsum_10holes_0903
temp_2025-10-27-16-35-42_23_35_12_,4,1.89899,12.0,12.0,gypsum,gypsum_10hole,gypsum_10holes_0903
temp_2025-10-27-9-48-49_23_35_12_,4,1.89899,12.0,12.0,gypsum,gypsum_10hole,gypsum_10holes_0903
temp_2025-10-27-11-19-52_23_35_12_,5,0.71526,12.0,12.0,gypsum,gypsum_10hole,gypsum_10holes_0903
temp_2025-10-27-15-18-47_23_35_12_,5,0.71526,12.0,12.0,gypsum,gypsum_10hole,gypsum_10holes_0903
temp_2025-10-27-16-35-42_23_35_12_,5,0.71526,12.0,12.0,gypsum,gypsum_10hole,gypsum_10holes_0903
temp_2025-10-27-9-48-49_23_35_12_,5,0.71526,12.0,12.0,gypsum,gypsum_10hole,gypsum_10holes_0903
temp_2025-10-27-11-19-52_23_35_12_,6,4.01428,12.0,12.0,gypsum,gypsum_10hole,gypsum_10holes_0903
temp_2025-10-27-15-18-47_23_35_12_,6,4.01428,12.0,12.0,gypsum,gypsum_10hole,gypsum_10holes_0903
temp_2025-10-27-16-35-42_23_35_12_,6,4.01428,12.0,12.0,gypsum,gypsum_10hole,gypsum_10holes_0903
temp_2025-10-27-9-48-49_23_35_12_,6,4.01428,12.0,12.0,gypsum,gypsum_10hole,gypsum_10holes_0903
temp_2025-10-27-11-19-52_23_35_12_,7,2.38685,12.0,12.0,gypsum,gypsum_10hole,gypsum_10holes_0903
temp_2025-10-27-15-18-47_23_35_12_,7,2.38685,12.0,12.0,gypsum,gypsum_10hole,gypsum_10holes_0903
temp_2025-10-27-16-35-42_23_35_12_,7,2.38685,12.0,12.0,gypsum,gypsum_10hole,gypsum_10holes_0903
temp_2025-10-27-9-48-49_23_35_12_,7,2.38685,12.0,12.0,gypsum,gypsum_10hole,gypsum_10holes_0903
temp_2025-10-27-11-19-52_23_35_12_,8,2.62623,12.0,12.0,gypsum,gypsum_10hole,gypsum_10holes_0903
temp_2025-10-27-15-18-47_23_35_12_,8,2.62623,12.0,12.0,gypsum,gypsum_10hole,gypsum_10holes_0903
temp_2025-10-27-16-35-42_23_35_12_,8,2.62623,12.0,12.0,gypsum,gypsum_10hole,gypsum_10holes_0903
temp_2025-10-27-9-48-49_23_35_12_,8,2.62623,12.0,12.0,gypsum,gypsum_10hole,gypsum_10holes_0903
temp_2025-10-27-11-19-52_23_35_12_,9,1.2257,12.0,12.0,gypsum,gypsum_10hole,gypsum_10holes_0903
temp_2025-10-27-15-18-47_23_35_12_,9,1.2257,12.0,12.0,gypsum,gypsum_10hole,gypsum_10holes_0903
temp_2025-10-27-16-35-42_23_35_12_,9,1.2257,12.0,12.0,gypsum,gypsum_10hole,gypsum_10holes_0903
temp_2025-10-27-9-48-49_23_35_12_,9,1.2257,12.0,12.0,gypsum,gypsum_10hole,gypsum_10holes_0903
temp_2025-10-30-12-29-29_23_29_6_,1,18.15816,6.0,15.0,gypsum,gypsum_10hole,gypsum_10holes_0903
temp_2025-10-30-13-44-49_23_29_6_,1,18.15816,6.0,15.0,gypsum,gypsum_10hole,gypsum_10holes_0903
temp_2025-10-31-10-12-18_23_29_6_,1,18.15816,6.0,15.0,gypsum,gypsum_10hole,gypsum_10holes_0903
temp_2025-10-31-12-23-40_23_29_6_,1,18.15816,6.0,15.0,gypsum,gypsum_10hole,gypsum_10holes_0903
temp_2025-10-30-12-29-29_23_29_6_,10,24.2645,6.0,15.0,gypsum,gypsum_10hole,gypsum_10holes_0903
temp_2025-10-30-13-44-49_23_29_6_,10,24.2645,6.0,15.0,gypsum,gypsum_10hole,gypsum_10holes_0903
temp_2025-10-31-10-12-18_23_29_6_,10,24.2645,6.0,15.0,gypsum,gypsum_10hole,gypsum_10holes_0903
temp_2025-10-31-12-23-40_23_29_6_,10,24.2645,6.0,15.0,gypsum,gypsum_10hole,gypsum_10holes_0903
temp_2025-10-30-12-29-29_23_29_6_,2,4.89544,6.0,15.0,gypsum,gypsum_10hole,gypsum_10holes_0903
temp_2025-10-30-13-44-49_23_29_6_,2,4.89544,6.0,15.0,gypsum,gypsum_10hole,gypsum_10holes_0903
temp_2025-10-31-10-12-18_23_29_6_,2,4.89544,6.0,15.0,gypsum,gypsum_10hole,gypsum_10holes_0903
temp_2025-10-31-12-23-40_23_29_6_,2,4.89544,6.0,15.0,gypsum,gypsum_10hole,gypsum_10holes_0903
temp_2025-10-30-12-29-29_23_29_6_,3,2.71724,6.0,15.0,gypsum,gypsum_10hole,gypsum_10holes_0903
temp_2025-10-30-13-44-49_23_29_6_,3,2.71724,6.0,15.0,gypsum,gypsum_10hole,gypsum_10holes_0903
temp_2025-10-31-10-12-18_23_29_6_,3,2.71724,6.0,15.0,gypsum,gypsum_10hole,gypsum_10holes_0903
temp_2025-10-31-12-23-40_23_29_6_,3,2.71724,6.0,15.0,gypsum,gypsum_10hole,gypsum_10holes_0903
temp_2025-10-30-12-29-29_23_29_6_,4,2.1462,6.0,15.0,gypsum,gypsum_10hole,gypsum_10holes_0903
temp_2025-10-30-13-44-49_23_29_6_,4,2.1462,6.0,15.0,gypsum,gypsum_10hole,gypsum_10holes_0903
temp_2025-10-31-10-12-18_23_29_6_,4,2.1462,6.0,15.0,gypsum,gypsum_10hole,gypsum_10holes_0903
temp_2025-10-31-12-23-40_23_29_6_,4,2.1462,6.0,15.0,gypsum,gypsum_10hole,gypsum_10holes_0903
temp_2025-10-30-12-29-29_23_29_6_,5,0.84892,6.0,15.0,gypsum,gypsum_10hole,gypsum_10holes_0903
temp_2025-10-30-13-44-49_23_29_6_,5,0.84892,6.0,15.0,gypsum,gypsum_10hole,gypsum_10holes_0903
temp_2025-10-31-10-12-18_23_29_6_,5,0.84892,6.0,15.0,gypsum,gypsum_10hole,gypsum_10holes_0903
temp_2025-10-31-12-23-40_23_29_6_,5,0.84892,6.0,15.0,gypsum,gypsum_10hole,gypsum_10holes_0903
temp_2025-10-30-12-29-29_23_29_6_,6,4.54031,6.0,15.0,gypsum,gypsum_10hole,gypsum_10holes_0903
temp_2025-10-30-13-44-49_23_29_6_,6,4.54031,6.0,15.0,gypsum,gypsum_10hole,gypsum_10holes_0903
temp_2025-10-31-10-12-18_23_29_6_,6,4.54031,6.0,15.0,gypsum,gypsum_10hole,gypsum_10holes_0903
temp_2025-10-31-12-23-40_23_29_6_,6,4.54031,6.0,15.0,gypsum,gypsum_10hole,gypsum_10holes_0903
temp_2025-10-30-12-29-29_23_29_6_,7,2.70781,6.0,15.0,gypsum,gypsum_10hole,gypsum_10holes_0903
temp_2025-10-30-13-44-49_23_29_6_,7,2.70781,6.0,15.0,gypsum,gypsum_10hole,gypsum_10holes_0903
temp_2025-10-31-10-12-18_23_29_6_,7,2.70781,6.0,15.0,gypsum,gypsum_10hole,gypsum_10holes_0903
temp_2025-10-31-12-23-40_23_29_6_,7,2.70781,6.0,15.0,gypsum,gypsum_10hole,gypsum_10holes_0903
temp_2025-10-30-12-29-29_23_29_6_,8,2.93952,6.0,15.0,gypsum,gypsum_10hole,gypsum_10holes_0903
temp_2025-10-30-13-44-49_23_29_6_,8,2.93952,6.0,15.0,gypsum,gypsum_10hole,gypsum_10holes_0903
temp_2025-10-31-10-12-18_23_29_6_,8,2.93952,6.0,15.0,gypsum,gypsum_10hole,gypsum_10holes_0903
temp_2025-10-31-12-23-40_23_29_6_,8,2.93952,6.0,15.0,gypsum,gypsum_10hole,gypsum_10holes_0903
temp_2025-10-30-12-29-29_23_29_6_,9,1.41756,6.0,15.0,gypsum,gypsum_10hole,gypsum_10holes_0903
temp_2025-10-30-13-44-49_23_29_6_,9,1.41756,6.0,15.0,gypsum,gypsum_10hole,gypsum_10holes_0903
temp_2025-10-31-10-12-18_23_29_6_,9,1.41756,6.0,15.0,gypsum,gypsum_10hole,gypsum_10holes_0903
temp_2025-10-31-12-23-40_23_29_6_,9,1.41756,6.0,15.0,gypsum,gypsum_10hole,gypsum_10holes_0903
temp_2025-10-30-12-25-20_23_31_8_,1,18.15816,8.0,15.0,gypsum,gypsum_10hole,gypsum_10holes_0903
temp_2025-10-30-13-40-22_23_31_8_,1,18.15816,8.0,15.0,gypsum,gypsum_10hole,gypsum_10holes_0903
temp_2025-10-31-10-8-22_23_31_8_,1,18.15816,8.0,15.0,gypsum,gypsum_10hole,gypsum_10holes_0903
temp_2025-10-31-12-19-46_23_31_8_,1,18.15816,8.0,15.0,gypsum,gypsum_10hole,gypsum_10holes_0903
temp_2025-10-30-12-25-20_23_31_8_,10,24.2645,8.0,15.0,gypsum,gypsum_10hole,gypsum_10holes_0903
temp_2025-10-30-13-40-22_23_31_8_,10,24.2645,8.0,15.0,gypsum,gypsum_10hole,gypsum_10holes_0903
temp_2025-10-31-10-8-22_23_31_8_,10,24.2645,8.0,15.0,gypsum,gypsum_10hole,gypsum_10holes_0903
temp_2025-10-31-12-19-46_23_31_8_,10,24.2645,8.0,15.0,gypsum,gypsum_10hole,gypsum_10holes_0903
temp_2025-10-30-12-25-20_23_31_8_,2,4.89544,8.0,15.0,gypsum,gypsum_10hole,gypsum_10holes_0903
temp_2025-10-30-13-40-22_23_31_8_,2,4.89544,8.0,15.0,gypsum,gypsum_10hole,gypsum_10holes_0903
temp_2025-10-31-10-8-22_23_31_8_,2,4.89544,8.0,15.0,gypsum,gypsum_10hole,gypsum_10holes_0903
temp_2025-10-31-12-19-46_23_31_8_,2,4.89544,8.0,15.0,gypsum,gypsum_10hole,gypsum_10holes_0903
temp_2025-10-30-12-25-20_23_31_8_,3,2.71724,8.0,15.0,gypsum,gypsum_10hole,gypsum_10holes_0903
temp_2025-10-30-13-40-22_23_31_8_,3,2.71724,8.0,15.0,gypsum,gypsum_10hole,gypsum_10holes_0903
temp_2025-10-31-10-8-22_23_31_8_,3,2.71724,8.0,15.0,gypsum,gypsum_10hole,gypsum_10holes_0903
temp_2025-10-31-12-19-46_23_31_8_,3,2.71724,8.0,15.0,gypsum,gypsum_10hole,gypsum_10holes_0903
temp_2025-10-30-12-25-20_23_31_8_,4,2.1462,8.0,15.0,gypsum,gypsum_10hole,gypsum_10holes_0903
temp_2025-10-30-13-40-22_23_31_8_,4,2.1462,8.0,15.0,gypsum,gypsum_10hole,gypsum_10holes_0903
temp_2025-10-31-10-8-22_23_31_8_,4,2.1462,8.0,15.0,gypsum,gypsum_10hole,gypsum_10holes_0903
temp_2025-10-31-12-19-46_23_31_8_,4,2.1462,8.0,15.0,gypsum,gypsum_10hole,gypsum_10holes_0903
temp_2025-10-30-12-25-20_23_31_8_,5,0.84892,8.0,15.0,gypsum,gypsum_10hole,gypsum_10holes_0903
temp_2025-10-30-13-40-22_23_31_8_,5,0.84892,8.0,15.0,gypsum,gypsum_10hole,gypsum_10holes_0903
temp_2025-10-31-10-8-22_23_31_8_,5,0.84892,8.0,15.0,gypsum,gypsum_10hole,gypsum_10holes_0903
temp_2025-10-31-12-19-46_23_31_8_,5,0.84892,8.0,15.0,gypsum,gypsum_10hole,gypsum_10holes_0903
temp_2025-10-30-12-25-20_23_31_8_,6,4.54031,8.0,15.0,gypsum,gypsum_10hole,gypsum_10holes_0903
temp_2025-10-30-13-40-22_23_31_8_,6,4.54031,8.0,15.0,gypsum,gypsum_10hole,gypsum_10holes_0903
temp_2025-10-31-10-8-22_23_31_8_,6,4.54031,8.0,15.0,gypsum,gypsum_10hole,gypsum_10holes_0903
temp_2025-10-31-12-19-46_23_31_8_,6,4.54031,8.0,15.0,gypsum,gypsum_10hole,gypsum_10holes_0903
temp_2025-10-30-12-25-20_23_31_8_,7,2.70781,8.0,15.0,gypsum,gypsum_10hole,gypsum_10holes_0903
temp_2025-10-30-13-40-22_23_31_8_,7,2.70781,8.0,15.0,gypsum,gypsum_10hole,gypsum_10holes_0903
temp_2025-10-31-10-8-22_23_31_8_,7,2.70781,8.0,15.0,gypsum,gypsum_10hole,gypsum_10holes_0903
temp_2025-10-31-12-19-46_23_31_8_,7,2.70781,8.0,15.0,gypsum,gypsum_10hole,gypsum_10holes_0903
temp_2025-10-30-12-25-20_23_31_8_,8,2.93952,8.0,15.0,gypsum,gypsum_10hole,gypsum_10holes_0903
temp_2025-10-30-13-40-22_23_31_8_,8,2.93952,8.0,15.0,gypsum,gypsum_10hole,gypsum_10holes_0903
temp_2025-10-31-10-8-22_23_31_8_,8,2.93952,8.0,15.0,gypsum,gypsum_10hole,gypsum_10holes_0903
temp_2025-10-31-12-19-46_23_31_8_,8,2.93952,8.0,15.0,gypsum,gypsum_10hole,gypsum_10holes_0903
temp_2025-10-30-12-25-20_23_31_8_,9,1.41756,8.0,15.0,gypsum,gypsum_10hole,gypsum_10holes_0903
temp_2025-10-30-13-40-22_23_31_8_,9,1.41756,8.0,15.0,gypsum,gypsum_10hole,gypsum_10holes_0903
temp_2025-10-31-10-8-22_23_31_8_,9,1.41756,8.0,15.0,gypsum,gypsum_10hole,gypsum_10holes_0903
temp_2025-10-31-12-19-46_23_31_8_,9,1.41756,8.0,15.0,gypsum,gypsum_10hole,gypsum_10holes_0903
temp_2025-10-30-12-23-16_23_33_10_,1,18.15816,10.0,15.0,gypsum,gypsum_10hole,gypsum_10holes_0903
temp_2025-10-30-13-38-23_23_33_10_,1,18.15816,10.0,15.0,gypsum,gypsum_10hole,gypsum_10holes_0903
temp_2025-10-31-10-6-21_23_33_10_,1,18.15816,10.0,15.0,gypsum,gypsum_10hole,gypsum_10holes_0903
temp_2025-10-31-12-17-59_23_33_10_,1,18.15816,10.0,15.0,gypsum,gypsum_10hole,gypsum_10holes_0903
temp_2025-10-30-12-23-16_23_33_10_,10,24.2645,10.0,15.0,gypsum,gypsum_10hole,gypsum_10holes_0903
temp_2025-10-30-13-38-23_23_33_10_,10,24.2645,10.0,15.0,gypsum,gypsum_10hole,gypsum_10holes_0903
temp_2025-10-31-10-6-21_23_33_10_,10,24.2645,10.0,15.0,gypsum,gypsum_10hole,gypsum_10holes_0903
temp_2025-10-31-12-17-59_23_33_10_,10,24.2645,10.0,15.0,gypsum,gypsum_10hole,gypsum_10holes_0903
temp_2025-10-30-12-23-16_23_33_10_,2,4.89544,10.0,15.0,gypsum,gypsum_10hole,gypsum_10holes_0903
temp_2025-10-30-13-38-23_23_33_10_,2,4.89544,10.0,15.0,gypsum,gypsum_10hole,gypsum_10holes_0903
temp_2025-10-31-10-6-21_23_33_10_,2,4.89544,10.0,15.0,gypsum,gypsum_10hole,gypsum_10holes_0903
temp_2025-10-31-12-17-59_23_33_10_,2,4.89544,10.0,15.0,gypsum,gypsum_10hole,gypsum_10holes_0903
temp_2025-10-30-12-23-16_23_33_10_,3,2.71724,10.0,15.0,gypsum,gypsum_10hole,gypsum_10holes_0903
temp_2025-10-30-13-38-23_23_33_10_,3,2.71724,10.0,15.0,gypsum,gypsum_10hole,gypsum_10holes_0903
temp_2025-10-31-10-6-21_23_33_10_,3,2.71724,10.0,15.0,gypsum,gypsum_10hole,gypsum_10holes_0903
temp_2025-10-31-12-17-59_23_33_10_,3,2.71724,10.0,15.0,gypsum,gypsum_10hole,gypsum_10holes_0903
temp_2025-10-30-12-23-16_23_33_10_,4,2.1462,10.0,15.0,gypsum,gypsum_10hole,gypsum_10holes_0903
temp_2025-10-30-13-38-23_23_33_10_,4,2.1462,10.0,15.0,gypsum,gypsum_10hole,gypsum_10holes_0903
temp_2025-10-31-10-6-21_23_33_10_,4,2.1462,10.0,15.0,gypsum,gypsum_10hole,gypsum_10holes_0903
temp_2025-10-31-12-17-59_23_33_10_,4,2.1462,10.0,15.0,gypsum,gypsum_10hole,gypsum_10holes_0903
temp_2025-10-30-12-23-16_23_33_10_,5,0.84892,10.0,15.0,gypsum,gypsum_10hole,gypsum_10holes_0903
temp_2025-10-30-13-38-23_23_33_10_,5,0.84892,10.0,15.0,gypsum,gypsum_10hole,gypsum_10holes_0903
temp_2025-10-31-10-6-21_23_33_10_,5,0.84892,10.0,15.0,gypsum,gypsum_10hole,gypsum_10holes_0903
temp_2025-10-31-12-17-59_23_33_10_,5,0.84892,10.0,15.0,gypsum,gypsum_10hole,gypsum_10holes_0903
temp_2025-10-30-12-23-16_23_33_10_,6,4.54031,10.0,15.0,gypsum,gypsum_10hole,gypsum_10holes_0903
temp_2025-10-30-13-38-23_23_33_10_,6,4.54031,10.0,15.0,gypsum,gypsum_10hole,gypsum_10holes_0903
temp_2025-10-31-10-6-21_23_33_10_,6,4.54031,10.0,15.0,gypsum,gypsum_10hole,gypsum_10holes_0903
temp_2025-10-31-12-17-59_23_33_10_,6,4.54031,10.0,15.0,gypsum,gypsum_10hole,gypsum_10holes_0903
temp_2025-10-30-12-23-16_23_33_10_,7,2.70781,10.0,15.0,gypsum,gypsum_10hole,gypsum_10holes_0903
temp_2025-10-30-13-38-23_23_33_10_,7,2.70781,10.0,15.0,gypsum,gypsum_10hole,gypsum_10holes_0903
temp_2025-10-31-10-6-21_23_33_10_,7,2.70781,10.0,15.0,gypsum,gypsum_10hole,gypsum_10holes_0903
temp_2025-10-31-12-17-59_23_33_10_,7,2.70781,10.0,15.0,gypsum,gypsum_10hole,gypsum_10holes_0903
temp_2025-10-30-12-23-16_23_33_10_,8,2.93952,10.0,15.0,gypsum,gypsum_10hole,gypsum_10holes_0903
temp_2025-10-30-13-38-23_23_33_10_,8,2.93952,10.0,15.0,gypsum,gypsum_10hole,gypsum_10holes_0903
temp_2025-10-31-10-6-21_23_33_10_,8,2.93952,10.0,15.0,gypsum,gypsum_10hole,gypsum_10holes_0903
temp_2025-10-31-12-17-59_23_33_10_,8,2.93952,10.0,15.0,gypsum,gypsum_10hole,gypsum_10holes_0903
temp_2025-10-30-12-23-16_23_33_10_,9,1.41756,10.0,15.0,gypsum,gypsum_10hole,gypsum_10holes_0903
temp_2025-10-30-13-38-23_23_33_10_,9,1.41756,10.0,15.0,gypsum,gypsum_10hole,gypsum_10holes_0903
temp_2025-10-31-10-6-21_23_33_10_,9,1.41756,10.0,15.0,gypsum,gypsum_10hole,gypsum_10holes_0903
temp_2025-10-31-12-17-59_23_33_10_,9,1.41756,10.0,15.0,gypsum,gypsum_10hole,gypsum_10holes_0903
temp_2025-10-30-12-22-35_23_35_12_,1,18.15816,12.0,15.0,gypsum,gypsum_10hole,gypsum_10holes_0903
temp_2025-10-30-13-37-20_23_35_12_,1,18.15816,12.0,15.0,gypsum,gypsum_10hole,gypsum_10holes_0903
temp_2025-10-31-10-5-38_23_35_12_,1,18.15816,12.0,15.0,gypsum,gypsum_10hole,gypsum_10holes_0903
temp_2025-10-31-12-17-8_23_35_12_,1,18.15816,12.0,15.0,gypsum,gypsum_10hole,gypsum_10holes_0903
temp_2025-10-30-12-22-35_23_35_12_,10,24.2645,12.0,15.0,gypsum,gypsum_10hole,gypsum_10holes_0903
temp_2025-10-30-13-37-20_23_35_12_,10,24.2645,12.0,15.0,gypsum,gypsum_10hole,gypsum_10holes_0903
temp_2025-10-31-10-5-38_23_35_12_,10,24.2645,12.0,15.0,gypsum,gypsum_10hole,gypsum_10holes_0903
temp_2025-10-31-12-17-8_23_35_12_,10,24.2645,12.0,15.0,gypsum,gypsum_10hole,gypsum_10holes_0903
temp_2025-10-30-12-22-35_23_35_12_,2,4.89544,12.0,15.0,gypsum,gypsum_10hole,gypsum_10holes_0903
temp_2025-10-30-13-37-20_23_35_12_,2,4.89544,12.0,15.0,gypsum,gypsum_10hole,gypsum_10holes_0903
temp_2025-10-31-10-5-38_23_35_12_,2,4.89544,12.0,15.0,gypsum,gypsum_10hole,gypsum_10holes_0903
temp_2025-10-31-12-17-8_23_35_12_,2,4.89544,12.0,15.0,gypsum,gypsum_10hole,gypsum_10holes_0903
temp_2025-10-30-12-22-35_23_35_12_,3,2.71724,12.0,15.0,gypsum,gypsum_10hole,gypsum_10holes_0903
temp_2025-10-30-13-37-20_23_35_12_,3,2.71724,12.0,15.0,gypsum,gypsum_10hole,gypsum_10holes_0903
temp_2025-10-31-10-5-38_23_35_12_,3,2.71724,12.0,15.0,gypsum,gypsum_10hole,gypsum_10holes_0903
temp_2025-10-31-12-17-8_23_35_12_,3,2.71724,12.0,15.0,gypsum,gypsum_10hole,gypsum_10holes_0903
temp_2025-10-30-12-22-35_23_35_12_,4,2.1462,12.0,15.0,gypsum,gypsum_10hole,gypsum_10holes_0903
temp_2025-10-30-13-37-20_23_35_12_,4,2.1462,12.0,15.0,gypsum,gypsum_10hole,gypsum_10holes_0903
temp_2025-10-31-10-5-38_23_35_12_,4,2.1462,12.0,15.0,gypsum,gypsum_10hole,gypsum_10holes_0903
temp_2025-10-31-12-17-8_23_35_12_,4,2.1462,12.0,15.0,gypsum,gypsum_10hole,gypsum_10holes_0903
temp_2025-10-30-12-22-35_23_35_12_,5,0.84892,12.0,15.0,gypsum,gypsum_10hole,gypsum_10holes_0903
temp_2025-10-30-13-37-20_23_35_12_,5,0.84892,12.0,15.0,gypsum,gypsum_10hole,gypsum_10holes_0903
temp_2025-10-31-10-5-38_23_35_12_,5,0.84892,12.0,15.0,gypsum,gypsum_10hole,gypsum_10holes_0903
temp_2025-10-31-12-17-8_23_35_12_,5,0.84892,12.0,15.0,gypsum,gypsum_10hole,gypsum_10holes_0903
temp_2025-10-30-12-22-35_23_35_12_,6,4.54031,12.0,15.0,gypsum,gypsum_10hole,gypsum_10holes_0903
temp_2025-10-30-13-37-20_23_35_12_,6,4.54031,12.0,15.0,gypsum,gypsum_10hole,gypsum_10holes_0903
temp_2025-10-31-10-5-38_23_35_12_,6,4.54031,12.0,15.0,gypsum,gypsum_10hole,gypsum_10holes_0903
temp_2025-10-31-12-17-8_23_35_12_,6,4.54031,12.0,15.0,gypsum,gypsum_10hole,gypsum_10holes_0903
temp_2025-10-30-12-22-35_23_35_12_,7,2.70781,12.0,15.0,gypsum,gypsum_10hole,gypsum_10holes_0903
temp_2025-10-30-13-37-20_23_35_12_,7,2.70781,12.0,15.0,gypsum,gypsum_10hole,gypsum_10holes_0903
temp_2025-10-31-10-5-38_23_35_12_,7,2.70781,12.0,15.0,gypsum,gypsum_10hole,gypsum_10holes_0903
temp_2025-10-31-12-17-8_23_35_12_,7,2.70781,12.0,15.0,gypsum,gypsum_10hole,gypsum_10holes_0903
temp_2025-10-30-12-22-35_23_35_12_,8,2.93952,12.0,15.0,gypsum,gypsum_10hole,gypsum_10holes_0903
temp_2025-10-30-13-37-20_23_35_12_,8,2.93952,12.0,15.0,gypsum,gypsum_10hole,gypsum_10holes_0903
temp_2025-10-31-10-5-38_23_35_12_,8,2.93952,12.0,15.0,gypsum,gypsum_10hole,gypsum_10holes_0903
temp_2025-10-31-12-17-8_23_35_12_,8,2.93952,12.0,15.0,gypsum,gypsum_10hole,gypsum_10holes_0903
temp_2025-10-30-12-22-35_23_35_12_,9,1.41756,12.0,15.0,gypsum,gypsum_10hole,gypsum_10holes_0903
temp_2025-10-30-13-37-20_23_35_12_,9,1.41756,12.0,15.0,gypsum,gypsum_10hole,gypsum_10holes_0903
temp_2025-10-31-10-5-38_23_35_12_,9,1.41756,12.0,15.0,gypsum,gypsum_10hole,gypsum_10holes_0903
temp_2025-10-31-12-17-8_23_35_12_,9,1.41756,12.0,15.0,gypsum,gypsum_10hole,gypsum_10holes_0903
T1.6V_2025-07-28-18-04-15_20_26_6_,1,0.38087,6.0,2.2,gypsum,gypsum_new,gypsum_0725
T1.6V_2025-07-28-17-46-40_20_30_10_,1,0.38087,10.0,2.2,gypsum,gypsum_new,gypsum_0725
T1.6V_2025-08-01-18-32-31_20_28_12_,1,0.38087,12.0,2.2,gypsum,gypsum_new,gypsum_0729
T1.6V_2025-08-01-18-20-58_20_32_12_,1,0.38087,12.0,2.2,gypsum,gypsum_new,gypsum_0729
T1.6V_2025-07-28-17-36-55_20_34_14_,1,0.38087,14.0,2.2,gypsum,gypsum_new,gypsum_0725
T1.4V_2025-07-17-17-36-27_22_26_4_,1,0.41474,4.0,2.5,gypsum,gypsum_new,gypsum_0716
T1.4V_2025-07-17-17-08-40_22_30_8_,1,0.41474,8.0,2.5,gypsum,gypsum_new,gypsum_0716
T1.4V_2025-08-01-18-56-23_20_28_8_,1,0.41474,8.0,2.5,gypsum,gypsum_new,gypsum_0729
T1.4V_2025-07-17-16-56-31_22_34_12_,1,0.41474,12.0,2.5,gypsum,gypsum_new,gypsum_0716
T1.4V_2025-08-01-18-45-09_20_32_12_,1,0.41474,12.0,2.5,gypsum,gypsum_new,gypsum_0729
T1.8V_2025-07-25-17-05-54_20_26_6_,1,0.49703,6.0,3.3,gypsum,gypsum_new,gypsum_0725
T1.8V_2025-08-01-18-10-03_20_28_8_,1,0.49703,8.0,3.3,gypsum,gypsum_new,gypsum_0729
T1.8V_2025-07-25-16-47-16_20_30_10_,1,0.49703,10.0,3.3,gypsum,gypsum_new,gypsum_0725
T1.8V_2025-08-01-17-59-10_20_32_12_,1,0.49703,12.0,3.3,gypsum,gypsum_new,gypsum_0729
T1.8V_2025-07-25-16-37-05_20_34_14_,1,0.49703,14.0,3.3,gypsum,gypsum_new,gypsum_0725
T2.0V_2025-07-28-17-12-33_20_26_6_,1,0.60481,6.0,4.5,gypsum,gypsum_new,gypsum_0725
T2.0V_2025-07-17-18-13-32_22_30_8_,1,0.60481,8.0,4.5,gypsum,gypsum_new,gypsum_0716
T2.0V_2025-08-01-17-46-36_20_28_8_,1,0.60481,8.0,4.5,gypsum,gypsum_new,gypsum_0729
T2.0V_2025-07-28-16-55-19_20_30_10_,1,0.60481,10.0,4.5,gypsum,gypsum_new,gypsum_0725
T2.0V_2025-07-17-18-00-56_22_34_12_,1,0.60481,12.0,4.5,gypsum,gypsum_new,gypsum_0716
T2.0V_2025-08-01-17-36-02_20_32_12_,1,0.60481,12.0,4.5,gypsum,gypsum_new,gypsum_0729
T2.0V_2025-07-28-16-46-09_20_34_14_,1,0.60481,14.0,4.5,gypsum,gypsum_new,gypsum_0725
T2.2V_2025-07-25-17-49-55_20_26_6_,1,0.76483,6.0,6.6,gypsum,gypsum_new,gypsum_0725
T2.2V_2025-07-29-18-04-49_20_28_8_,1,0.76483,8.0,6.6,gypsum,gypsum_new,gypsum_0729
T2.2V_2025-07-25-17-32-43_20_30_10_,1,0.76483,10.0,6.6,gypsum,gypsum_new,gypsum_0725
T2.2V_2025-07-29-17-53-01_20_32_12_,1,0.76483,12.0,6.6,gypsum,gypsum_new,gypsum_0729
T2.2V_2025-07-25-17-23-25_20_34_14_,1,0.76483,14.0,6.6,gypsum,gypsum_new,gypsum_0725
T2.4V_2025-07-17-19-34-26_22_26_4_,1,0.9497,4.0,9.5,gypsum,gypsum_new,gypsum_0716
T2.4V_2025-07-17-19-09-10_22_30_8_,1,0.9497,8.0,9.5,gypsum,gypsum_new,gypsum_0716
T2.4V_2025-07-29-17-39-52_20_28_8_,1,0.9497,8.0,9.5,gypsum,gypsum_new,gypsum_0729
T2.4V_2025-07-17-18-57-25_22_34_12_,1,0.9497,12.0,9.5,gypsum,gypsum_new,gypsum_0716
T2.4V_2025-07-29-17-27-52_20_32_12_,1,0.9497,12.0,9.5,gypsum,gypsum_new,gypsum_0729
T2.6V_2025-07-25-18-32-38_20_26_6_,1,1.06148,6.0,11.5,gypsum,gypsum_new,gypsum_0725
T2.6V_2025-07-29-17-14-55_20_28_8_,1,1.06148,8.0,11.5,gypsum,gypsum_new,gypsum_0729
T2.6V_2025-07-25-18-16-07_20_30_10_,1,1.06148,10.0,11.5,gypsum,gypsum_new,gypsum_0725
T2.6V_2025-07-29-17-02-30_20_32_12_,1,1.06148,12.0,11.5,gypsum,gypsum_new,gypsum_0729
T2.6V_2025-07-25-18-06-58_20_34_14_,1,1.06148,14.0,11.5,gypsum,gypsum_new,gypsum_0725
T2.8V_2025-07-25-19-31-52_20_26_6_,1,1.13921,6.0,13.0,gypsum,gypsum_new,gypsum_0725
T2.8V_2025-07-29-16-50-05_20_28_8_,1,1.13921,8.0,13.0,gypsum,gypsum_new,gypsum_0729
T2.8V_2025-07-25-19-15-29_20_30_10_,1,1.13921,10.0,13.0,gypsum,gypsum_new,gypsum_0725
T2.8V_2025-07-29-16-36-48_20_32_12_,1,1.13921,12.0,13.0,gypsum,gypsum_new,gypsum_0729
T2.8V_2025-07-25-19-06-06_20_34_14_,1,1.13921,14.0,13.0,gypsum,gypsum_new,gypsum_0725
T3.0V_2025-07-28-16-17-19_20_26_6_,1,1.28246,6.0,16.0,gypsum,gypsum_new,gypsum_0725
T3.0V_2025-07-29-15-45-24_20_28_8_,1,1.28246,8.0,16.0,gypsum,gypsum_new,gypsum_0729
T3.0V_2025-07-28-16-03-14_20_30_10_,1,1.28246,10.0,16.0,gypsum,gypsum_new,gypsum_0725
T3.0V_2025-07-29-15-31-55_20_32_12_,1,1.28246,12.0,16.0,gypsum,gypsum_new,gypsum_0729
T3.0V_2025-07-28-15-54-48_20_34_14_,1,1.28246,14.0,16.0,gypsum,gypsum_new,gypsum_0725
