video_id,hole_id,airflow_rate,material,delta_T,voltage,pressure_Pa,session,hotspot_area,hotspot_avg_temp_change_rate_initial,hotspot_avg_temp_change_magnitude_initial,peak_pixel_temp_change_rate_initial,peak_pixel_temp_change_magnitude_initial,temp_mean_avg_initial,temp_std_avg_initial,temp_min_overall_initial,temp_max_overall_initial,stabilized_mean_deltaT,overall_mean_deltaT,max_abs_mean_deltaT,stabilized_std_deltaT,overall_std_deltaT,mean_area_significant_change,stabilized_area_significant_change,max_area_significant_change,hotspot_solidity,time_to_peak_mean_temp,temperature_skewness,temperature_kurtosis,rate_of_std_change_initial,peak_to_average_ratio,radial_profile_0,radial_profile_1,radial_profile_2,radial_profile_3,radial_profile_4,bbox_area,bbox_aspect_ratio,perimeter,circularity,mean_gradient_at_edge,temp_p25,temp_p75,temp_iqr
T1.4V_2025-08-14-16-16-15_21_26_5_,1_centerhole,0.47978,hardyboard,5.0,1.4,2.0,hardyboard_new,171,0.0058398507253841,0.071391925477144,0.0072175578067177,0.1234130859375,22.082241616946217,0.2276970319721541,21.653942108154297,22.867416381835938,0.1129773719085467,0.0795265220062069,0.1327259108337024,0.2439807614458196,0.2377606807914264,13.273333333333332,16.57894736842105,19,1.0426829268292683,9.4,0.9817613001888784,0.368758979919642,0.0014885019221309,1.0355568414887355,22.5732459567842,22.217789550622303,21.968238063242243,21.942575136820476,21.951801935831707,247,0.6842105263157895,52.38477599620819,0.7830613559997267,0.569257274929233,21.917240142822266,22.193614959716797,0.2763748168945312
T1.4V_2025-08-14-16-16-15_21_26_5_,2_cornerhole,0.16867,hardyboard,5.0,1.4,2.0,hardyboard_new,156,0.0043114332052374,0.0543583967746812,0.0080652797923368,0.1234416961669921,22.374717438282115,0.1675573608628583,21.820327758789062,22.908512115478516,0.0584835674759495,0.0397019656091659,0.0794083644182244,0.1744969477286514,0.1710066613343369,0.4066666666666667,0.631578947368421,3,1.0064516129032255,9.8,0.0636462277794305,-0.042648448231366,0.0012453692825894,1.0238570466272392,22.5600741704305,22.505480221339635,22.40525221002513,22.29829173617893,22.2947220993042,234,1.3846153846153846,51.79898953437805,0.7306205555785105,0.6251707876069621,22.262590408325195,22.48296546936035,0.2203750610351562
T1.4V_2025-08-15-18-58-06_21_28_7_,1_centerhole,0.47978,hardyboard,7.0,1.4,2.0,hardyboard_new,179,0.0062090541397391,0.0634630086035699,0.0171145796775817,0.2191295623779297,22.24868896079463,0.2352323600167058,21.8480224609375,23.045387268066406,0.1074748817383284,0.0784819566382159,0.1218260759747913,0.26826178575693,0.2538704832393356,16.5,19.94736842105263,23,1.0914634146341464,9.0,1.0889227370531007,0.4735237923761572,0.0036486518758498,1.0358087754597889,22.865067693922256,22.652695110866,22.337724924087524,22.132442623376846,22.068314468159397,224,0.875,48.38477599620819,0.9608275019548782,0.3319130805257285,22.0693416595459,22.359067916870117,0.2897262573242187
T1.4V_2025-08-15-18-58-06_21_28_7_,2_cornerhole,0.16867,hardyboard,7.0,1.4,2.0,hardyboard_new,172,0.0043510836224221,0.0369518745777206,0.0062318281693892,0.0548744201660156,22.462906528295477,0.1056343001174601,22.09697532653809,22.853710174560547,0.0787932884445097,0.05186027630355,0.0940358250640152,0.1222115738930257,0.1148799691912828,0.0066666666666666,0.0263157894736842,1,1.0817610062893082,9.2,0.4000697659213968,0.0743463932716799,0.0013473440792322,1.0173977328255714,22.67688369750977,22.615982873099192,22.51431378722191,22.449591299203725,22.408157273342734,240,1.0666666666666669,48.041629910469055,0.93648935319716,0.2815246036474352,22.38661003112793,22.52422523498535,0.1376152038574218
T1.4V_2025-08-14-15-57-24_21_30_9_,1_centerhole,0.47978,hardyboard,9.0,1.4,2.0,hardyboard_new,180,0.0098455557747494,0.0973613315158417,0.0199804073426781,0.1911697387695312,22.455798396852284,0.2512162669347109,22.05553436279297,23.31856918334961,0.1530653320557884,0.1130524572443074,0.1654804123772493,0.2904763195794724,0.2727747615286764,22.2,27.18421052631579,30,1.0285714285714285,9.6,1.104314021033709,0.5100400321578933,0.0052738252384999,1.0384208466450369,23.075262950016903,22.771345297495525,22.413368563903006,22.28130550873585,22.290148735046387,266,0.7368421052631579,79.2131530046463,0.3604854733940488,0.4799349101667929,22.262590408325195,22.57921981811523,0.316629409790039
T1.4V_2025-08-14-15-57-24_21_30_9_,2_cornerhole,0.16867,hardyboard,9.0,1.4,2.0,hardyboard_new,114,0.0100284152560773,0.0941642627381469,0.015521916476163,0.1503067016601562,22.793730972691584,0.1319038119285052,22.37284469604492,23.25034523010254,0.1475904883880488,0.1088422431722731,0.1687828030502594,0.1499829158437856,0.142208531931707,0.5666666666666667,1.131578947368421,4,1.1343283582089552,9.0,0.2276418326480444,-0.1739383300981734,0.0018163875974284,1.0200324491834185,23.046855290730793,22.96581768989563,22.8886739148034,22.804162621498108,22.72076043628511,156,1.0833333333333333,37.79898941516876,1.002661496434228,0.5175590004878543,22.699403762817383,22.88111114501953,0.1817073822021484
T1.4V_2025-08-15-18-45-57_21_32_11_,1_centerhole,0.47978,hardyboard,11.0,1.4,2.0,hardyboard_new,179,0.0086955055019645,0.0741944233132478,0.0206685620684956,0.2325115203857422,22.36438791285681,0.2345921472149669,21.972579956054688,23.16841506958008,0.1353154671749493,0.0958721038704707,0.1499540978969804,0.2798379378117397,0.2591590240620612,17.546666666666667,21.94736842105263,25,1.031700288184438,8.2,1.108889033629247,0.5396176035386824,0.0053839533569847,1.035951225665383,22.99478200765757,22.641628364721935,22.295809059143068,22.203191995620728,22.164038794381277,266,0.7368421052631579,52.041630029678345,0.8305410702128309,0.3422310290336198,22.193614959716797,22.48296546936035,0.2893505096435547
T1.4V_2025-08-15-18-45-57_21_32_11_,2_cornerhole,0.16867,hardyboard,11.0,1.4,2.0,hardyboard_new,138,0.00639519044376,0.073777254076969,0.0114218393961588,0.082254409790039,22.589349650507387,0.1017636106751602,22.276376724243164,22.94959831237793,0.1271974522134523,0.0906761052412677,0.1444239685500861,0.1227028677779472,0.1130703639606359,0.02,0.0789473684210526,1,1.1219512195121952,8.0,0.3227308538637224,0.0543167624290532,0.0025371722211719,1.0159477217115214,22.864657974243165,22.78257191181183,22.680677318572997,22.59848337703281,22.532091629214403,182,1.0769230769230769,41.21320307254791,1.0209775964996872,0.27707843596911,22.52422523498535,22.647911071777344,0.1236858367919921
T1.6V_2025-08-15-18-32-56_21_28_7_,1_centerhole,0.61767,hardyboard,7.0,1.6,3.2,hardyboard_new,164,0.0074036819178875,0.090869112712582,0.0161557448537726,0.2183876037597656,22.61887346407262,0.2360353248994879,22.23500633239746,23.37310791015625,0.1297627921587994,0.0936886162486498,0.1520361202519105,0.266513226115579,0.2531948505758059,16.62,20.31578947368421,23,1.0445859872611465,9.8,0.9891132035014902,0.2263742754909765,0.0038877222898374,1.03334535856888,23.207219710716835,22.860145111878712,22.532102280192905,22.445521736145015,22.42101669311523,234,0.7222222222222222,50.38477599620819,0.811811217214558,0.4193687980450452,22.44167709350586,22.74400329589844,0.3023262023925781
T1.6V_2025-08-15-18-32-56_21_28_7_,2_cornerhole,0.22286,hardyboard,7.0,1.6,3.2,hardyboard_new,123,0.0091436457640224,0.0867739111427354,0.0136608123779296,0.2185611724853515,22.86221547909868,0.1210155542642205,22.469200134277344,23.277633666992188,0.1313553901120631,0.094737864755355,0.1465414093761907,0.1348364676535742,0.1296801998577029,0.2,0.5,1,1.128440366972477,8.8,0.2233363707843977,-0.0549960446003097,0.0019743801443208,1.0181705131890344,23.144864082336422,23.03639543056488,22.944435755411785,22.848273478056257,22.777416666348778,169,1.0,39.21320295333862,1.0051950498131257,0.3596805312993815,22.77144432067871,22.94959831237793,0.1781539916992187
T1.6V_2025-08-14-15-06-52_21_30_9_,1_centerhole,0.61767,hardyboard,9.0,1.6,3.2,hardyboard_new,123,0.0073432636709862,0.0784711450096047,0.0136287689208984,0.1772327423095703,23.03740196786276,0.1472856977416876,22.59295654296875,23.52294921875,0.1462208111672799,0.098405666609765,0.1619297430767261,0.1679037124348034,0.1598905189686658,1.106666666666667,2.6315789473684212,4,1.1131221719457014,8.6,0.1610931623167456,-0.4199543815599189,0.002438256993858,1.0210764760524895,23.34732649061415,23.2523633480072,23.098332118988036,22.994346451759338,22.935394150870188,168,0.8571428571428571,39.79898941516876,0.975822632151316,0.4365484414197629,22.922208786010746,23.154748916625977,0.2325401306152343
T1.6V_2025-08-14-15-06-52_21_30_9_,2_cornerhole,0.22286,hardyboard,9.0,1.6,3.2,hardyboard_new,188,0.0085682264840812,0.087041682385383,0.0207109036652938,0.1634044647216797,22.68437184435256,0.280646289022053,22.262590408325195,23.645366668701172,0.1470659075498842,0.1039271064514804,0.168395529402062,0.3056320928541525,0.2956268726102087,25.246666666666663,28.81578947368421,32,1.0217391304347827,9.6,1.1783591169323395,0.5730359972346522,0.0041710424140944,1.042363739712187,23.36197750384991,23.00636984904607,22.626799897143716,22.478604855744734,22.49669647216797,285,0.7894736842105263,56.041630029678345,0.7522222856546791,0.442443709203774,22.48296546936035,22.802303791046143,0.319338321685791
T1.6V_2025-08-15-18-20-33_21_32_11_,1_centerhole,0.61767,hardyboard,11.0,1.6,3.2,hardyboard_new,177,0.008835602103909,0.1054154735500532,0.0207600449070785,0.2603073120117187,22.143226319221455,0.255427693898012,21.723302841186523,23.059072494506836,0.1806277304294015,0.1219159293309428,0.2011018311236512,0.3064488970309441,0.282768503936858,22.026666666666667,28.289473684210527,32,0.9414893617021276,9.0,1.11158000042296,0.5785330992518483,0.0053521041328852,1.0413601054373174,22.666274766664248,22.12733298600322,21.975234800769435,21.96565850575765,22.083158493041992,312,0.5416666666666666,61.21320307254791,0.5935986710569185,0.5017852004728783,21.944915771484375,22.262590408325195,0.3176746368408203
T1.6V_2025-08-15-18-20-33_21_32_11_,2_cornerhole,0.22286,hardyboard,11.0,1.6,3.2,hardyboard_new,124,0.008642796547182,0.0978969912375156,0.0131746438833383,0.2330989837646484,22.425356391476043,0.1467599550992804,21.917240142822266,22.922208786010746,0.16969389421628,0.1187146109919379,0.1868414263571445,0.1701236189125371,0.1585665031652558,2.0533333333333332,4.157894736842105,7,1.117117117117117,8.8,0.250995422671222,0.0621096463999819,0.0019253796689451,1.022155830474273,22.77521800994873,22.653895258903503,22.52208762698703,22.397866029005783,22.34638261795044,182,1.0769230769230769,40.041629791259766,0.9718697332261312,0.4714959868509875,22.31772804260254,22.52422523498535,0.2064971923828125
T1.6V_2025-08-14-14-56-37_21_34_13_,1_centerhole,0.61767,hardyboard,13.0,1.6,3.2,hardyboard_new,194,0.0111718629813534,0.1377062256803221,0.0272153218587239,0.2858123779296875,22.717719464842812,0.2704729697308576,22.23500633239746,23.67255592346191,0.198766654040979,0.1438754522841424,0.2254941979634424,0.32651502980407,0.2990846474762491,28.046666666666667,34.10526315789474,38,1.0130548302872062,9.8,1.1967807163381188,0.8009794629462959,0.0061849206926191,1.0420304714166744,23.40438725398137,23.05859927336375,22.67637458600496,22.554155817571676,22.53796625137329,285,0.7894736842105263,81.85613179206848,0.3638389239254806,0.4401254886808941,22.52422523498535,22.840003967285156,0.3157787322998047
T1.6V_2025-08-14-14-56-37_21_34_13_,2_cornerhole,0.22286,hardyboard,13.0,1.6,3.2,hardyboard_new,128,0.0119501674039797,0.1244110018014907,0.0181560516357421,0.2587776184082031,23.09119378864765,0.1508832182706936,22.620439529418945,23.604583740234375,0.1819061899655743,0.1314611099163691,0.2006782740354538,0.1746137595234402,0.1634046474992943,2.2933333333333334,4.815789473684211,9,1.1327433628318584,9.6,0.2906735737736366,-0.28964316968956,0.0026142520908368,1.0222331489781669,23.426075829399956,23.323316287994384,23.161712050437927,23.04912376403809,23.00689196586609,168,0.8571428571428571,39.79898941516876,1.015490218824134,0.414454660978612,22.976980209350582,23.19573402404785,0.2187538146972656
T1.8V_2025-08-14-14-37-20_21_26_5_,1_centerhole,0.74016,hardyboard,5.0,1.8,4.5,hardyboard_new,111,0.0080523675210736,0.0985603160686316,0.0145813396998814,0.1633319854736328,23.16509242152309,0.1349808017322112,22.74400329589844,23.645366668701172,0.1231905429382477,0.0936966988274294,0.1444295762895464,0.1477133631309962,0.1419101402538354,0.4,0.9473684210526316,2,1.1384615384615384,9.4,0.2309443356087467,-0.2655853889611821,0.0025328462422325,1.0207326713159084,23.42531829410129,23.341052293777462,23.192021883451023,23.101098269224167,23.06651444868608,144,1.0,37.55634880065918,0.9889312826832126,0.3927951861277083,23.059072494506836,23.263988494873047,0.2049160003662109
T1.8V_2025-08-14-14-37-20_21_26_5_,2_cornerhole,0.27122,hardyboard,5.0,1.8,4.5,hardyboard_new,186,0.0059469284549835,0.0619449512932881,0.0118230736773947,0.1088142395019531,22.81379952297416,0.252429917641622,22.42790985107422,23.65896224975586,0.0813628835197754,0.0595437751961435,0.102960750620852,0.263756673285052,0.2597686485060715,16.713333333333335,18.73684210526316,21,1.021978021978022,9.2,1.1447831412122556,0.5048191723274096,0.0023356197799419,1.03704611877257,23.38718399634728,23.080246369043987,22.741347965441253,22.61621206456965,22.62042236328125,266,0.7368421052631579,55.79898953437805,0.7507064365630817,0.3793847498383612,22.634174346923828,22.922208786010746,0.288034439086914
T1.8V_2025-08-15-18-08-25_21_28_7_,1_centerhole,0.74016,hardyboard,7.0,1.8,4.5,hardyboard_new,127,0.0086237285297472,0.0810721389890645,0.0171486536661783,0.2055950164794922,22.368646238131788,0.1503598573339243,21.90340232849121,22.94959831237793,0.1359556469243447,0.0932142341793997,0.1542319951094981,0.1686523076518474,0.1604985949881376,1.28,2.210526315789474,4,1.1140350877192982,8.4,0.2292555045081905,-0.0239958711723602,0.0028537065050223,1.025971713623679,22.70584487915039,22.587785184383392,22.459793249766033,22.339985445926065,22.27804296357291,182,1.0769230769230769,40.62741672992706,0.9668857670332968,0.47894026418775,22.262590408325195,22.469200134277344,0.2066097259521484
T1.8V_2025-08-15-18-08-25_21_28_7_,2_cornerhole,0.27122,hardyboard,7.0,1.8,4.5,hardyboard_new,183,0.0092566894165094,0.0729791088833842,0.0195687157767159,0.2054729461669922,22.085044247153032,0.2544842865544521,21.62618637084961,23.018035888671875,0.1259361864473422,0.0967656435384571,0.1530347209159153,0.2860663144761839,0.272118601853336,20.813333333333333,24.13157894736842,29,0.9432989690721648,9.0,1.133115419854278,0.6014736781368564,0.004178878022023,1.0422454051292704,22.567304791630924,22.072406830326205,21.93166510264079,21.880326588948567,22.00369167327881,312,0.5416666666666666,97.08060729503632,0.2440034600893169,0.5231806894230708,21.889564514160156,22.193614959716797,0.3040504455566406
T1.8V_2025-08-14-14-16-08_21_30_9_,1_centerhole,0.74016,hardyboard,9.0,1.8,4.5,hardyboard_new,156,0.0090129818208659,0.1038558177458917,0.017887416638826,0.1768150329589843,23.210351690879232,0.1584744501319995,22.81258201599121,23.754060745239254,0.1560167950978964,0.1102473468454474,0.1777352430881613,0.1838317086232897,0.1723218743212744,4.226666666666667,7.815789473684211,12,1.118279569892473,9.2,0.5416860294496086,-0.1418131235268922,0.0029986729007565,1.0234252828910682,23.547845204671223,23.47694311823164,23.29251429438591,23.15591875199349,23.141046676635742,195,1.1538461538461535,44.38477599620819,0.9950992469441,0.3790744134747597,23.08641242980957,23.30492401123047,0.2185115814208984
T1.8V_2025-08-14-14-16-08_21_30_9_,2_cornerhole,0.27122,hardyboard,9.0,1.8,4.5,hardyboard_new,194,0.0088595827830202,0.092755848599463,0.0208363166222205,0.1896591186523437,22.955724430870763,0.3278327434677417,22.469200134277344,24.092952728271484,0.1554278623650254,0.1128657192872545,0.1723373845680456,0.3552948262115695,0.3443188856432295,25.80666666666667,28.289473684210527,31,1.074792243767313,9.6,1.2997288933329791,1.1473666693768223,0.0038511948038,1.0495400744518166,23.919058057996963,23.481337342943466,23.0761981010437,22.79344699693763,22.73997696240743,256,1.0,50.62741649150848,0.951130398231636,0.4223670227675991,22.730287551879883,23.113754272460938,0.3834667205810547
T1.8V_2025-08-15-17-56-33_21_32_11_,1_centerhole,0.74016,hardyboard,11.0,1.8,4.5,hardyboard_new,181,0.0109191933169997,0.1151593666708912,0.0282853582630986,0.205423355102539,22.06291739595529,0.2810185900090277,21.612308502197266,23.072738647460938,0.1639982430385128,0.1192546777742774,0.1814213115207401,0.3272135252398501,0.305550744675643,25.673333333333332,30.31578947368421,32,1.0342857142857145,9.6,1.0903431136430457,0.4784125536953634,0.005450804999811,1.045770068997801,22.791907970721905,22.38869967063268,21.98706360867149,21.8602545322516,21.820301055908203,266,0.7368421052631579,53.21320295333862,0.8032479729834014,0.4731319454196889,21.8480224609375,22.20741271972656,0.3593902587890625
T1.8V_2025-08-15-17-56-33_21_32_11_,2_cornerhole,0.27122,hardyboard,11.0,1.8,4.5,hardyboard_new,127,0.0118653413206421,0.115586678812825,0.0171577930450439,0.2743778228759765,22.34669696567565,0.1603726152432822,21.820327758789062,22.89481735229492,0.1771773327646842,0.1292603887723193,0.1976473200039592,0.1846104667552868,0.1732816362175329,3.6066666666666665,7.026315789473684,10,1.1238938053097345,9.6,0.264254439254446,-0.2033837880531117,0.0032309551946258,1.024528027003775,22.72567950354682,22.602384209632874,22.460172600216335,22.32369435139191,22.23240050563106,169,1.0,39.79898953437805,1.0075566954537327,0.4525405694360034,22.23500633239746,22.455442428588867,0.2204360961914062
T2.0V_2025-08-15-17-43-59_21_28_7_,1_centerhole,0.898,hardyboard,7.0,2.0,6.5,hardyboard_new,182,0.0080643753704827,0.0763288644643935,0.0137057304382324,0.1370162963867187,22.08248431677346,0.2699857893951969,21.653942108154297,23.045387268066406,0.1403049098886874,0.0947529532184533,0.1528773255400608,0.2987281494259012,0.287073521179382,22.82,27.210526315789473,30,1.0224719101123596,9.4,1.0891103457924936,0.4382465749561444,0.004031940204439,1.043604828944067,22.771344331594612,22.39474751551946,22.01099839963411,21.895642098926363,21.86645571390788,266,0.7368421052631579,53.79898953437805,0.790192702414996,0.4387498609936984,21.875717163085938,22.221220016479492,0.3455028533935547
T2.0V_2025-08-15-17-43-59_21_28_7_,2_cornerhole,0.33372,hardyboard,7.0,2.0,6.5,hardyboard_new,129,0.0086963638778788,0.08708532466445,0.0152428944905598,0.1508941650390625,22.383920510166377,0.1564272871857389,21.917240142822266,22.88111114501953,0.1557332921738239,0.1090064782628102,0.170800541722496,0.177822398702564,0.1687889725631549,1.9266666666666667,3.8947368421052633,8,1.1072961373390555,6.8,0.2679572262583829,-0.258534404230399,0.0029098647576641,1.022211954989178,22.7531189388699,22.63758957386017,22.497632291581898,22.36097057049091,22.269915317666943,182,0.9285714285714286,41.21320307254791,0.9543921010757946,0.4295488998794154,22.262590408325195,22.496723175048828,0.2341327667236328
T2.0V_2025-08-14-12-48-24_21_30_9_,1_centerhole,0.898,hardyboard,9.0,2.0,6.5,hardyboard_new,152,0.0107885766447631,0.1016562988883578,0.0217370784029047,0.1362667083740234,23.125534817043103,0.118298735253072,22.8262882232666,23.56377220153809,0.1812553868069224,0.1215618375309736,0.2103105218786964,0.1474748122340026,0.1347589416211073,2.466666666666667,6.078947368421052,11,1.1135531135531136,9.2,0.703327570564901,0.2477022552782335,0.0039683177382441,1.0189503675466138,23.43819989098443,23.350184781210764,23.219180315732956,23.10903497602119,23.05532706867565,195,1.1538461538461535,43.79898941516876,0.9956925826573658,0.257662877732975,23.03171157836914,23.19573402404785,0.1640224456787109
T2.0V_2025-08-14-12-48-24_21_30_9_,2_cornerhole,0.33372,hardyboard,9.0,2.0,6.5,hardyboard_new,186,0.0128163889087459,0.1218035913282804,0.0262445019137474,0.2306957244873047,22.989714909420226,0.2675653614193164,22.551727294921875,23.971080780029297,0.1907145338808659,0.1339028383070407,0.2164212606286462,0.3034563133724899,0.2883080951798841,23.886666666666667,27.23684210526316,29,1.0782608695652174,7.8,1.3384012275365205,1.2202474170231363,0.0046786482768231,1.042687170087827,23.78489727444119,23.42760365349906,23.09251255255479,22.882924454552786,22.80471269095816,240,1.0666666666666669,49.79898953437805,0.9425008422576128,0.2887546837274645,22.798877716064453,23.100088119506836,0.3012104034423828
T2.0V_2025-08-15-17-32-13_21_32_11_,1_centerhole,0.898,hardyboard,11.0,2.0,6.5,hardyboard_new,183,0.0111798485309262,0.1246929689834708,0.0287823928029913,0.2598304748535156,22.142791346774075,0.2947936439530326,21.695566177368164,23.19573402404785,0.2003172777629576,0.1343522846937626,0.2158312041902803,0.3465062825699875,0.3235752485976403,28.913333333333338,35.26315789473684,38,1.0252100840336134,9.8,1.090562518044216,0.4089065495498665,0.0061819373278937,1.047552391240284,22.885224251520064,22.426182905832928,22.017351776662498,21.97255687713623,21.889554977416992,280,0.7,54.041629910469055,0.7874157108636789,0.458590751217129,21.917240142822266,22.290163040161133,0.3729228973388672
T2.0V_2025-08-15-17-32-13_21_32_11_,2_cornerhole,0.33372,hardyboard,11.0,2.0,6.5,hardyboard_new,135,0.0115325426814536,0.1084199269612611,0.0171327590942382,0.1781234741210937,22.433276627152058,0.1744878858609092,21.986408233642575,23.03171157836914,0.2140122274209172,0.1467895969343762,0.2300099266899948,0.2091452630185663,0.1935183970682106,8.486666666666666,15.552631578947368,19,1.0975609756097562,9.6,0.4868973526348302,-0.156075394994045,0.0042299328165842,1.0266762168167969,22.933134078979492,22.79713559150696,22.599260687828064,22.424819231033325,22.334010149303236,196,1.0,42.041629910469055,0.9598083920629524,0.4407917863726367,22.303951263427734,22.551727294921875,0.2477760314941406
T2.0V_2025-08-14-12-38-07_21_34_13_,1_centerhole,0.898,hardyboard,13.0,2.0,6.5,hardyboard_new,196,0.0137839039691498,0.1453613651042076,0.0308927808489118,0.2975826263427734,23.33164626705403,0.2929607303957592,22.8262882232666,24.33622932434082,0.2471842192169424,0.167172360647293,0.2775855453646905,0.3456233381034486,0.3220477126856526,30.26,39.5,46,1.0858725761772854,9.4,1.146382455582842,0.7875949323689664,0.0065698270119095,1.043056672717747,24.074743270874023,23.86535164288112,23.51540468289302,23.26830962726048,23.139980447058583,256,1.0,50.62741649150848,0.9609358662546426,0.3337983526234653,23.12742805480957,23.468490600585938,0.3410625457763672
T2.0V_2025-08-14-12-38-07_21_34_13_,2_cornerhole,0.33372,hardyboard,13.0,2.0,6.5,hardyboard_new,183,0.0118904031106977,0.1094220583556122,0.0226161215040418,0.217111587524414,23.470490648238385,0.1342910100687924,23.113754272460938,23.94398307800293,0.2059796662175662,0.1332872736084877,0.2208121044388242,0.1708466801979935,0.1542803539373319,5.68,13.157894736842104,18,1.1124620060790271,8.8,0.5449467296680056,-0.0161954055550328,0.0046401094801002,1.0201739468024325,23.849057091606987,23.747469220842635,23.585707609470074,23.452040995870316,23.430808719835785,210,0.9333333333333332,48.14213538169861,0.9922252028942792,0.326919351280392,23.359472274780273,23.55016708374023,0.1906948089599609
T2.2V_2025-08-13-18-12-42_21_26_5_,1_centerhole,1.00085,hardyboard,5.0,2.2,8.0,hardyboard_new,631,0.003100583452136,0.0240972340579261,0.0146702357700892,0.2327022552490234,22.223420415899454,0.2454385504028876,21.23672866821289,23.08641242980957,0.0588235509078396,0.0352066942629064,0.068281013500858,0.2593639727831886,0.2527299262445007,31.433333333333337,37.13157894736842,44,0.9546142208774584,8.8,-0.0263886868629429,0.1798704451213972,0.0018004733738742,1.0388325468249116,22.353420695743047,22.34063186953145,22.23703949305476,22.189795409801395,22.189958540059752,870,0.9666666666666668,115.25483322143556,0.5969265970432752,0.9310006643412924,22.05553436279297,22.37284469604492,0.3173103332519531
T2.2V_2025-08-13-18-12-42_21_26_5_,2_cornerhole,0.37451,hardyboard,5.0,2.2,8.0,hardyboard_new,204,0.0045749221751888,0.0548756169337849,0.0126753913031684,0.1779708862304687,22.046249423868513,0.2682777729387685,21.26460647583008,23.072738647460938,0.0997747282494688,0.0701681706172958,0.1114096735038003,0.2794766745616798,0.2744307460794988,20.173333333333332,22.07894736842105,25,0.7513812154696132,6.4,0.655988874337219,0.959564691239831,0.0020695056208691,1.0465607189620694,22.375301902358597,22.046999304144233,21.905747125315113,22.03897539774577,22.03838062286377,432,0.5925925925925926,110.66391217708588,0.2093283223825477,0.955936524769095,21.875717163085938,22.179819107055664,0.3041019439697265
T2.2V_2025-08-15-17-19-03_21_28_7_,1_centerhole,1.00085,hardyboard,7.0,2.2,8.0,hardyboard_new,195,0.0045907514523236,0.0617666684664186,0.0142578283945719,0.123178482055664,22.16054521942139,0.2718986010572446,21.737171173095703,23.113754272460938,0.1278724636947889,0.0824500602656949,0.1520566011086472,0.3046668463731933,0.2896078490725631,23.22,28.526315789473685,33,1.007751937984496,9.0,1.1000230199601746,0.4507796234192707,0.0035325225418054,1.0430137906627024,22.86205012981708,22.48136607805888,22.100637021817658,21.965781945448654,21.937984784444172,300,0.75,56.62741661071777,0.7641717471414383,0.4161147738120835,21.95875358581543,22.303951263427734,0.3451976776123047
T2.2V_2025-08-15-17-19-03_21_28_7_,2_cornerhole,0.37451,hardyboard,7.0,2.2,8.0,hardyboard_new,129,0.0073321749583437,0.0868691437004152,0.0146750041416713,0.1916770935058593,22.478537934473316,0.1636080902003624,22.04170608520508,23.045387268066406,0.1568678665628063,0.1038199590835784,0.1775421763575373,0.1886066115824919,0.1770099004472287,3.513333333333333,7.052631578947368,12,1.1217391304347826,9.8,0.4607759295947951,-0.1602745153152507,0.0031152945112053,1.025217357785702,22.918068885803223,22.78427851200104,22.60115513801575,22.445276021957397,22.37409481406212,182,1.0769230769230769,40.041630148887634,1.0110580108604033,0.4014255250463641,22.359067916870117,22.59295654296875,0.2338886260986328
T2.2V_2025-08-13-17-56-09_21_30_9_,1_centerhole,1.00085,hardyboard,9.0,2.2,8.0,hardyboard_new,219,0.0073265267289398,0.0709154224831216,0.020479679107666,0.231882095336914,22.593315740611455,0.2464379117302006,21.695566177368164,23.42761611938477,0.1288218971514624,0.0905221792189121,0.1450326649565667,0.2727885179126165,0.260951688005874,18.273333333333333,22.13157894736842,25,1.0138888888888888,9.6,-0.1204512878544654,0.5380223451814672,0.0026035805695234,1.0369268675900305,22.90406271127554,22.794729848702747,22.63478645324707,22.54847834660457,22.435116661919487,342,1.0555555555555556,59.455843687057495,0.7785112386806824,1.0725179566494467,22.44167709350586,22.74400329589844,0.3023262023925781
T2.2V_2025-08-13-17-56-09_21_30_9_,2_cornerhole,0.37451,hardyboard,9.0,2.2,8.0,hardyboard_new,151,0.009532347126439,0.1126203726459031,0.0227378209431966,0.2864513397216797,22.386156487370172,0.3102988757831768,21.51508140563965,23.49571990966797,0.1752562524550231,0.1263753660256778,0.1925659684945415,0.3438223570678489,0.3281031721718992,23.3,26.23684210526316,29,0.9587301587301588,9.6,0.6582396746530862,0.7594772160959686,0.0037786396092361,1.0495647130369965,22.979296537546013,22.62968599796295,22.289932133601265,22.259952946713096,22.200496673583984,288,0.8888888888888888,53.455843567848206,0.6640433571720201,1.0084247243015114,22.193614959716797,22.510469436645508,0.3168544769287109
T2.2V_2025-08-15-17-07-32_21_32_11_,1_centerhole,1.00085,hardyboard,11.0,2.2,8.0,hardyboard_new,199,0.0107760182521439,0.1194066186646125,0.0292716707502092,0.3825531005859375,22.222430704394775,0.3054017142701684,21.695566177368164,23.34583854675293,0.1914065370355381,0.1391618855155287,0.2148097915266014,0.349533298530308,0.3299781066195981,31.533333333333335,37.3421052631579,39,1.0446194225721783,9.6,1.157511451823608,0.5931890056825679,0.0057755907491992,1.0505528786342884,23.06630516052246,22.69273058573405,22.24477685822381,22.03285300731659,22.00943660736084,270,0.8333333333333334,53.79898953437805,0.8640019108823308,0.3794673091386248,21.986408233642575,22.37284469604492,0.3864364624023437
T2.2V_2025-08-15-17-07-32_21_32_11_,2_cornerhole,0.37451,hardyboard,11.0,2.2,8.0,hardyboard_new,143,0.013023193988252,0.135482974819368,0.0198659589213709,0.2326107025146484,22.548413685085055,0.193190920575638,22.110782623291016,23.182069778442383,0.2113445985391802,0.1507441882153475,0.2321677708125591,0.2235006074396637,0.2103971695024724,12.14,18.973684210526315,24,1.1042471042471045,9.8,0.6082864714949962,-0.2187504933767461,0.0045158443851777,1.02810202536671,23.06055365668403,22.92516672611237,22.722606261571247,22.5441312789917,22.431653000059583,196,1.0,42.62741661071777,0.9889352891137654,0.3997880826342962,22.40037727355957,22.675373077392575,0.2749958038330078
T2.4V_2025-08-13-17-33-28_21_26_5_,1_centerhole,1.15278,hardyboard,5.0,2.4,10.5,hardyboard_new,526,0.0046983009962087,0.0532244947020075,0.0239191055297851,0.2733650207519531,22.402501606451693,0.2454570401666752,21.320322036743164,23.30492401123047,0.0810975139084289,0.0600066223192864,0.0948570091914753,0.2603423995866739,0.253878027560916,29.24,32.86842105263158,39,0.9962121212121212,9.4,-0.1135066985726665,0.3223810785994527,0.0015373918248675,1.0402822158271328,22.619102813102103,22.539718989972716,22.40097434106081,22.38325290101947,22.30676451325417,700,1.12,93.59797871112823,0.7545059484362959,0.9751058307932592,22.23500633239746,22.565473556518555,0.3304672241210937
T2.4V_2025-08-13-17-33-28_21_26_5_,2_cornerhole,0.43485,hardyboard,5.0,2.4,10.5,hardyboard_new,417,0.0042893291132302,0.0301124517866178,0.017837441485861,0.2187843322753906,22.091943938715,0.2542465277977481,21.38992500305176,23.19573402404785,0.050988647502345,0.0366740993191784,0.066587964979579,0.2699741382347265,0.2629242478985178,26.526666666666667,28.710526315789473,32,0.695,7.0,0.611279673309991,1.1476894128893704,0.0023681567531978,1.049963465795263,22.02686050959996,22.093935232162476,22.173373637660855,22.11037055827953,22.00361115282232,812,0.9655172413793104,153.456263422966,0.2225239091254479,0.936837478529978,21.93107795715332,22.221220016479492,0.2901420593261719
T2.4V_2025-08-15-16-56-08_21_28_7_,1_centerhole,1.15278,hardyboard,7.0,2.4,10.5,hardyboard_new,140,0.0080808255137229,0.0881498609270359,0.0154495239257812,0.205423355102539,22.53160955674308,0.1688821802244088,22.09697532653809,23.113754272460938,0.156275960735809,0.1071436057317828,0.1712369646344882,0.1944697864644949,0.1831332815164425,5.413333333333333,9.81578947368421,12,1.09375,9.6,0.5101184568876516,-0.2109234516922233,0.0027487075174697,1.0258368011504817,22.909984588623047,22.778215885162354,22.601485699415207,22.483918276700106,22.40336388349533,210,0.9333333333333332,42.87005698680878,0.9572597050311514,0.3806716727364842,22.40037727355957,22.647911071777344,0.2475337982177734
T2.4V_2025-08-15-16-56-08_21_28_7_,2_cornerhole,0.43485,hardyboard,7.0,2.4,10.5,hardyboard_new,219,0.0070398606798552,0.0625806660412671,0.0170850753784179,0.1777992248535156,22.190534503536146,0.2798395416660427,21.59842109680176,23.19573402404785,0.116158502143727,0.0777195180605546,0.1292193774218972,0.3048590289683534,0.2945051826393252,24.9,28.86842105263158,32,0.906832298136646,9.0,1.235611737548495,0.9799066372083844,0.0035148567741188,1.045298571801032,22.88452993120466,22.417928477128346,22.125772036038914,22.042417708863603,21.995598634084065,400,1.0,68.52691113948822,0.5860459461087862,0.4244845329038142,21.986408233642575,22.31772804260254,0.3313198089599609
T2.4V_2025-08-15-16-44-14_21_32_11_,1_centerhole,1.15278,hardyboard,11.0,2.4,10.5,hardyboard_new,184,0.0115950976346096,0.1220833322276249,0.0243622916085379,0.2185115814208984,22.29144741763239,0.3101055525009601,21.77875328063965,23.386743545532227,0.1998666565805604,0.1404767106926956,0.2236237214959189,0.3586958737050862,0.3377719482285085,29.133333333333333,34.6578947368421,37,1.0760233918128654,9.4,1.1386854960473454,0.5395268962664277,0.006680848060025,1.049135262837776,23.16147401597765,22.86624939101083,22.495583832263947,22.19761886316187,22.06903453583413,240,0.9375,49.21320307254791,0.9546945040898632,0.4172684091308849,22.05553436279297,22.44167709350586,0.3861427307128906
T2.4V_2025-08-15-16-44-14_21_32_11_,2_cornerhole,0.43485,hardyboard,11.0,2.4,10.5,hardyboard_new,144,0.0134325388706086,0.1238835255304948,0.0227840741475423,0.3007030487060547,22.58718102693557,0.2039308565457104,22.110782623291016,23.263988494873047,0.2338012021187446,0.1570822435838197,0.2674767176310197,0.2391507589478208,0.2245214939991196,14.646666666666668,23.76315789473684,27,1.0909090909090908,8.2,0.581417585317647,-0.2321231019010241,0.0049145800266667,1.029964229140873,23.138015535142685,22.98248589038849,22.789477003945244,22.59567289352417,22.459567757539972,210,0.9333333333333332,43.455843567848206,0.9582437301643336,0.4021219184278465,22.42790985107422,22.716562271118164,0.2886524200439453
T2.6V_2025-08-13-16-41-58_21_26_5_,1_centerhole,1.43301,hardyboard,5.0,2.6,16.0,hardyboard_new,462,0.0046013734885813,0.0430367374833018,0.0170967578887939,0.1777687072753906,22.376625103558293,0.2399845845812714,21.48728370666504,23.19573402404785,0.0704681940137394,0.0478929361670898,0.0826131647283361,0.2570098073243381,0.2489778043049816,23.393333333333334,28.76315789473684,35,0.9808917197452228,9.6,-0.012428131982013,-0.0272012944318875,0.0017284262434435,1.0366055612362788,22.482524742951263,22.502129192352296,22.36335805506488,22.355967549111345,22.360540303316984,624,1.0833333333333333,89.35533821582794,0.7271279413421472,0.9119430166953512,22.20741271972656,22.52422523498535,0.316812515258789
T2.6V_2025-08-13-16-41-58_21_26_5_,2_cornerhole,0.54626,hardyboard,5.0,2.6,16.0,hardyboard_new,251,0.0054234708836453,0.0508825370515033,0.0118960504946501,0.1505088806152343,22.077040717744257,0.2635341463878325,21.38992500305176,23.113754272460938,0.0790525779556151,0.0551793184318398,0.104320442534064,0.2813196996763804,0.273597593626933,22.34,23.92105263157895,27,0.5704545454545454,7.4,0.6695539697622555,1.0132755641728552,0.0018470777871198,1.046958900333206,22.237298329671223,22.20461825320595,21.967454446328652,21.947270097403692,22.04119610786438,756,1.037037037037037,149.5685521364212,0.1409947709432794,0.9087949632889364,21.917240142822266,22.20741271972656,0.2901725769042969
T2.6V_2025-08-15-16-31-49_21_28_7_,1_centerhole,1.43301,hardyboard,7.0,2.6,16.0,hardyboard_new,142,0.0125352780072881,0.1218434320369219,0.02380080845045,0.2737178802490234,22.540474757879547,0.1759430734575887,22.09697532653809,23.19573402404785,0.1778788471151223,0.1265942281624515,0.1999650203006346,0.2013425944689242,0.1907930251371615,7.633333333333334,12.31578947368421,15,1.1137254901960785,9.6,0.5394569969102754,-0.2109250925647154,0.0036628865075599,1.0290703400530303,22.95107714335124,22.83340926170349,22.65091464519501,22.507788739305862,22.420475996457615,196,1.0,42.041629910469055,1.0095762346143649,0.3824217608392087,22.414154052734375,22.66164779663086,0.2474937438964843
T2.6V_2025-08-15-16-31-49_21_28_7_,2_cornerhole,0.54626,hardyboard,7.0,2.6,16.0,hardyboard_new,226,0.0089638068229078,0.0925552401922438,0.0179777647319592,0.1641044616699218,22.159977301707315,0.2816287632386351,21.570653915405273,23.2366886138916,0.1406496065297005,0.099216454711283,0.1655665541117166,0.3044737929881425,0.2954176344566673,28.2,31.86842105263158,35,0.9955947136563876,9.2,1.261906953112046,0.9933496060861612,0.0035349614295883,1.0485881053723525,22.89995178809533,22.521228432655334,22.14004544207924,22.00496534399084,21.96334571838379,361,1.0,62.28427052497864,0.732085050532017,0.4090712565847287,21.95875358581543,22.290163040161133,0.3314094543457031
T2.6V_2025-08-13-16-24-51_21_30_9_,1_centerhole,1.43301,hardyboard,9.0,2.6,16.0,hardyboard_new,142,0.0088768825069493,0.1153361763752691,0.0174351625664289,0.2591323852539062,22.742491924124707,0.2091344277953767,22.083158493041992,23.509334564208984,0.1970192684430921,0.1382020601084545,0.2170250180741426,0.2346867923176733,0.2232997441535713,10.8,16.55263157894737,20,1.105058365758755,9.2,0.3409803276660256,0.0385999501614673,0.0028848916011925,1.0337184967523647,23.06038263108995,23.027426958084103,22.832776999473573,22.706285541707818,22.70999974217908,195,1.1538461538461535,44.3847758769989,0.9057954732377916,0.938012173465632,22.60670280456543,22.867416381835938,0.2607135772705078
T2.6V_2025-08-13-16-24-51_21_30_9_,2_cornerhole,0.54626,hardyboard,9.0,2.6,16.0,hardyboard_new,172,0.0073754094367798,0.1060358868088862,0.0175159999302455,0.2452640533447265,22.389721169804417,0.3107736801544432,21.59842109680176,23.56377220153809,0.1680767734602306,0.1192994207190002,0.1878063623295283,0.3449127149531644,0.3307862048712502,24.526666666666667,26.973684210526315,29,0.9690140845070424,9.2,0.9907397627840092,1.0135124925709782,0.0045175956159899,1.0524370546122317,23.02726708925687,22.674327711264297,22.3151062991884,22.216098120718293,22.16600449879964,304,0.8421052631578947,54.870057106018066,0.7179058405274708,0.8207373736386918,22.193614959716797,22.52422523498535,0.3306102752685547
T2.6V_2025-08-13-16-07-01_21_34_13_,1_centerhole,1.43301,hardyboard,13.0,2.6,16.0,hardyboard_new,158,0.014751229105117,0.1456153604048715,0.0384073672087296,0.3805770874023437,22.61289801585523,0.3513773335908065,21.86186981201172,23.90331268310547,0.2650807096035312,0.1844037158982168,0.2803716418109374,0.4201114592644047,0.3900190124233387,29.866666666666667,35.60526315789474,39,1.082191780821918,9.6,1.064957545802932,0.8405490935094093,0.0091526161931622,1.0570654263927364,23.59457842508952,23.162110873631068,22.803874790668488,22.46466147010006,22.383721221577037,240,1.0666666666666669,46.28427064418793,0.9268300413104122,0.8251123805379205,22.359067916870117,22.77144432067871,0.4123764038085937
T2.6V_2025-08-13-16-07-01_21_34_13_,2_cornerhole,0.54626,hardyboard,13.0,2.6,16.0,hardyboard_new,143,0.0134735785442082,0.147241405673796,0.0226642971947079,0.2311820983886718,22.95596067281869,0.2254418671199478,22.37284469604492,23.76764488220215,0.2575086503069237,0.1733890043494309,0.277863989343178,0.2740346212049971,0.2529089268673584,17.273333333333333,25.605263157894736,28,1.11284046692607,9.8,0.5187588045674664,0.0794928602241511,0.0048295113167679,1.035358320261654,23.42219712999132,23.379083919525147,23.13031213283539,22.933082203532376,22.85599511669528,195,1.1538461538461535,43.79898953437805,0.9367370956903932,0.7930759960453393,22.7851619720459,23.08641242980957,0.3012504577636719
T2.8V_2025-08-15-16-07-07_21_28_7_,1_centerhole,1.50064,hardyboard,7.0,2.8,17.5,hardyboard_new,162,0.010851393511266,0.1027280312997334,0.0227815454656427,0.2325401306152343,22.61404476730911,0.1753179244798559,22.23500633239746,23.182069778442383,0.1769767650309277,0.1185699604175702,0.1959803663654078,0.2007162675130168,0.1909334863528439,8.886666666666667,14.105263157894736,17,1.1095890410958904,9.6,0.8124647172021224,0.0482599965089161,0.0039234666195409,1.0251182403226868,23.040789710150825,22.941282415390013,22.770327258110047,22.600314635496872,22.513478674539705,225,1.0,44.87005686759949,1.011140809164054,0.3110755011417774,22.48296546936035,22.716562271118164,0.2335968017578125
T2.8V_2025-08-15-16-07-07_21_28_7_,2_cornerhole,0.57316,hardyboard,7.0,2.8,17.5,hardyboard_new,247,0.0083641712833157,0.0633576427876718,0.0198201210268082,0.1638202667236328,22.23260114476748,0.2810257746639716,21.737171173095703,23.34583854675293,0.1308558102535998,0.0809655273169807,0.1527633512550998,0.3051955040117253,0.2942197237532405,28.22,32.55263157894737,36,0.9782178217821782,8.6,1.3779225961507844,1.3225438086158323,0.0036820614851379,1.050072296747313,22.729083242870512,22.462610683943097,22.16430305766168,22.040131998062133,22.096965154012043,400,0.64,107.67239820957184,0.2677306206047968,0.2951096953001519,22.04170608520508,22.359067916870117,0.317361831665039
T2.8V_2025-08-13-15-33-59_21_30_9_,1_centerhole,1.50064,hardyboard,9.0,2.8,17.5,hardyboard_new,182,0.0101587929568447,0.104423763987782,0.0169078509012858,0.2029705047607422,23.509876127767043,0.1999057133515398,22.7851619720459,24.241687774658203,0.1563392887920787,0.1073748357304733,0.1809040845095459,0.2296726927958804,0.2162018292998854,9.406666666666666,14.63157894736842,18,1.0737463126843658,9.8,0.2251268657095984,0.2841080430543337,0.0026352909613006,1.0311278393350116,23.789320309956867,23.710048622555203,23.570231676101685,23.49203960931123,23.48223129908244,240,1.0666666666666669,50.97056233882904,0.8803237160384291,0.9279785905503138,23.37310791015625,23.631772994995117,0.2586650848388672
T2.8V_2025-08-13-15-33-59_21_30_9_,2_cornerhole,0.57316,hardyboard,9.0,2.8,17.5,hardyboard_new,162,0.0095367344427616,0.0900374047550158,0.0225067138671875,0.2568111419677734,23.233756804525115,0.2980193025120167,22.551727294921875,24.349721908569336,0.1392453703654137,0.0938793308744712,0.1609641887523523,0.3298164843328254,0.3158906168509773,21.113333333333333,23.05263157894737,26,0.9938650306748468,9.8,0.969021847915136,0.9929883517745446,0.0038022707517896,1.048032055832954,23.98023928128756,23.479331771532696,23.12445389883859,23.072366218566895,23.089755694071453,288,0.8888888888888888,52.28427076339722,0.7447024256690847,0.8379703296035717,23.045387268066406,23.359472274780273,0.3140850067138672
T2.8V_2025-08-15-15-55-56_21_32_11_,1_centerhole,1.50064,hardyboard,11.0,2.8,17.5,hardyboard_new,178,0.0116184391778955,0.1142277985476383,0.0273609161376953,0.2460231781005859,22.536380824185485,0.2094715367651415,22.13840675354004,23.263988494873047,0.2243073027490655,0.1513869809211417,0.2465695048985843,0.2560935129603694,0.2360537503809804,19.626666666666665,29.526315789473685,34,1.1021671826625388,9.4,0.936537311305418,0.1490980160321631,0.0056431467678115,1.0322859147777053,23.08028072781033,22.944058213915145,22.729106575250626,22.5228372972403,22.40036964416504,224,1.1428571428571428,47.21320307254791,1.0034666330052566,0.291107056103927,22.37284469604492,22.66164779663086,0.2888031005859375
T2.8V_2025-08-15-15-55-56_21_32_11_,2_cornerhole,0.57316,hardyboard,11.0,2.8,17.5,hardyboard_new,230,0.0101647944417647,0.09283616439156,0.0302828682793511,0.3000755310058594,22.181092128919516,0.3321757165620728,21.66781997680664,23.49571990966797,0.1765330068033951,0.1163494176449989,0.2064122656117319,0.3763902486666958,0.3573620739224289,34.14,40.28947368421053,45,1.0722610722610724,7.4,1.402854294054927,1.2998615392491937,0.0062832844703704,1.0592679464612318,23.19483110639784,22.765981939103867,22.29821691146264,22.050901460647584,21.968388935305036,306,0.9444444444444444,54.870057106018066,0.9599903681471992,0.287636609546084,21.944915771484375,22.31772804260254,0.372812271118164
T2.8V_2025-08-13-15-24-34_21_34_13_,1_centerhole,1.50064,hardyboard,13.0,2.8,17.5,hardyboard_new,178,0.0132332848252403,0.146803673733487,0.0282822052637735,0.2715091705322265,22.57905057157024,0.3700992794264545,21.709434509277344,23.94398307800293,0.2627216008624533,0.1714145504669294,0.2863975374886145,0.4187785492584034,0.3968392745536254,33.26,41.421052631578945,46,0.9888888888888888,9.8,1.0174043339087824,0.9548301052208372,0.0054354935003393,1.0604512799201269,23.563953693096455,22.97862482070923,22.50964500427246,22.359097676399426,22.459910710652668,306,0.9444444444444444,55.455843687057495,0.7273362490935946,0.9459179235436418,22.331514358520508,22.74400329589844,0.4124889373779297
T2.8V_2025-08-13-15-24-34_21_34_13_,2_cornerhole,0.57316,hardyboard,13.0,2.8,17.5,hardyboard_new,163,0.0156273202453128,0.1640283432474909,0.0268173217773437,0.2717628479003906,22.950277880569175,0.2528692310130028,22.179819107055664,23.86263084411621,0.2990295473590839,0.2013143470779767,0.3253414177455802,0.2909465101365831,0.2733585078739343,24.893333333333334,36.31578947368421,43,1.0939597315436242,9.8,0.3209957586683697,0.2553792798794561,0.0045463322319498,1.0397534604284455,23.43341509501139,23.371665954589844,23.097940623760223,22.935946356865667,22.9185291826725,224,1.1428571428571428,47.21320295333862,0.9189048427293952,1.017845316017073,22.7851619720459,23.100088119506836,0.3149261474609375
T3.0V_2025-08-13-15-03-01_21_26_5_,1_centerhole,1.58645,hardyboard,5.0,3.0,19.5,hardyboard_new,142,0.0105104312090809,0.1035070016350552,0.0227750142415364,0.3278026580810547,22.65580396920862,0.1835166974032331,22.09697532653809,23.386743545532227,0.1787220461444563,0.120348303172511,0.1990692514768781,0.2009533971792398,0.1931963553636236,6.66,10.842105263157896,14,1.105058365758755,9.6,0.3804567057186852,0.1740736562200933,0.003099432514134,1.032262795763815,22.936507331000435,22.91109972000122,22.738197875022887,22.62782410515679,22.625241688319615,195,1.1538461538461535,43.21320283412933,0.9555761376905652,0.7312435616606676,22.52422523498535,22.77144432067871,0.2472190856933593
T3.0V_2025-08-13-15-03-01_21_26_5_,2_cornerhole,0.60731,hardyboard,5.0,3.0,19.5,hardyboard_new,166,0.0084642346745098,0.0948990052004887,0.0097431455339704,0.0818386077880859,22.311661829201576,0.2918904215912929,21.640064239501953,23.37310791015625,0.1269881070680671,0.088717429532582,0.1511512434626176,0.3014941954051348,0.2980435142466903,19.52,20.394736842105264,25,0.9595375722543352,9.8,1.0605425413495506,1.0380901338773914,0.0017185018252682,1.0475736002580252,22.905623390561058,22.485966285069782,22.18331507893352,22.13527834415436,22.09351634979248,304,0.8421052631578947,54.87005698680878,0.6928626165429178,0.73335702177592,22.110782623291016,22.44167709350586,0.3308944702148437
T3.0V_2025-08-15-15-20-22_21_28_7_,1_centerhole,1.58645,hardyboard,7.0,3.0,19.5,hardyboard_new,144,0.0080365604824628,0.0760638051562843,0.0136451721191406,0.1365489959716797,22.62878094593684,0.2249717288577225,22.13840675354004,23.37310791015625,0.136724637962922,0.1000760788387729,0.1527005301581496,0.2476331602133994,0.2385194938258605,12.58,16.026315789473685,19,1.1162790697674418,8.2,0.8498415463227299,0.0056222597796473,0.0030872597671736,1.032892932500328,23.162268532647023,22.941896745136805,22.698242604732513,22.526762740952627,22.44528670060007,182,0.9285714285714286,42.3847758769989,1.0072854809499798,0.3272111551962967,22.452001094818115,22.77144432067871,0.3194432258605957
T3.0V_2025-08-15-15-20-22_21_28_7_,2_cornerhole,0.60731,hardyboard,7.0,3.0,19.5,hardyboard_new,135,0.0088415364529507,0.0786435727719911,0.0149273872375488,0.2594261169433594,22.86939518087882,0.1338609826067251,22.510469436645508,23.34583854675293,0.1389487521225474,0.1034773270406833,0.1554295857747405,0.148367923952248,0.1424661801321342,1.52,2.973684210526316,5,1.1297071129707112,9.6,0.5964612396347653,0.2255417049194141,0.0024541817926186,1.0208332298299023,23.190380414326984,23.07270455360413,22.97105786535475,22.834002861609825,22.798466001238143,168,1.1666666666666667,40.97056233882904,1.0106476785588288,0.3411979658121479,22.77144432067871,22.94959831237793,0.1781539916992187
T3.0V_2025-08-13-14-43-44_21_30_9_,1_centerhole,1.58645,hardyboard,9.0,3.0,19.5,hardyboard_new,158,0.0103867305481989,0.1393918266779259,0.0266336358111837,0.3267974853515625,22.981798597166808,0.1953856729726369,22.537981033325195,23.69973373413086,0.2390892078366608,0.1689788703274615,0.2572900916956655,0.2383850559816821,0.2195434385242719,16.44,25.605263157894736,31,1.0972222222222223,9.4,0.6664718249109784,-0.0719893948447567,0.0042007213561726,1.031239292865988,23.468450122409397,23.38699526786804,23.170369267463684,22.957971811294556,22.87054950434987,210,1.0714285714285714,45.21320295333862,0.9712620119612908,0.4247846178160926,22.840003967285156,23.100088119506836,0.2600841522216797
T3.0V_2025-08-13-14-43-44_21_30_9_,2_cornerhole,0.60731,hardyboard,9.0,3.0,19.5,hardyboard_new,195,0.0059759895346446,0.0908829420040824,0.0161436625889369,0.1897907257080078,22.70056095925355,0.3876130549672028,22.12459945678711,24.038808822631836,0.1760993707839624,0.1254060665684895,0.1937517508482322,0.4146921959519219,0.4036120569996178,31.626666666666665,35.86842105263158,40,1.1048158640226629,9.6,1.3498503752288582,1.1931808243723907,0.0036224479984978,1.0589521935506516,23.73348479800754,23.329245567321777,22.864983283556423,22.54812901360648,22.416747303009032,240,1.0666666666666669,49.21320295333862,1.0117686369533776,0.3975185353013676,22.42790985107422,22.867416381835938,0.4395065307617187
T3.0V_2025-08-13-14-33-33_21_34_13_,1_centerhole,1.58645,hardyboard,13.0,3.0,19.5,hardyboard_new,182,0.0115410696455846,0.1405893472524759,0.0253862142562866,0.2574501037597656,23.32977410347907,0.227958782757763,22.798877716064453,24.201148986816406,0.2740325723651368,0.1821729433667515,0.3009336492517462,0.2867248257129829,0.2615931653584455,26.16,39.1578947368421,43,1.1063829787234043,9.2,0.911727855686564,0.2167263859210435,0.0064860812483739,1.0373503352185218,23.993615044487846,23.81525720868792,23.525343613191083,23.28122605383396,23.18481563877415,224,1.1428571428571428,47.79898941516876,1.0010224617403805,0.3320125378123008,23.154748916625977,23.468490600585938,0.3137416839599609
T3.0V_2025-08-13-14-33-33_21_34_13_,2_cornerhole,0.60731,hardyboard,13.0,3.0,19.5,hardyboard_new,258,0.007281657987513,0.0965338862219518,0.0253087282180786,0.2696437835693359,22.99181390437045,0.4223963298803035,22.455442428588867,24.60583114624023,0.2048911828500595,0.1292487326826541,0.2381940959960005,0.4742058094203998,0.4523475631608689,44.553333333333335,54.18421052631579,59,1.0278884462151394,9.6,1.596797829325766,2.014013194427445,0.0064016052591699,1.0701996479522211,24.193835758027575,23.458079000314076,22.976838275005942,22.755740908572548,22.70702118343777,378,0.8571428571428571,61.11269760131836,0.8680938129613157,0.2654433071267058,22.702835083007812,23.141084671020508,0.4382495880126953
