video_id,hole_id,airflow_rate,material,delta_T,voltage,pressure_Pa,hotspot_area,hotspot_avg_temp_change_rate_initial,hotspot_avg_temp_change_magnitude_initial,peak_pixel_temp_change_rate_initial,peak_pixel_temp_change_magnitude_initial,temp_mean_avg_initial,temp_std_avg_initial,temp_min_overall_initial,temp_max_overall_initial,stabilized_mean_deltaT,overall_mean_deltaT,max_abs_mean_deltaT,stabilized_std_deltaT,overall_std_deltaT,mean_area_significant_change,stabilized_area_significant_change,max_area_significant_change,num_hotspots,hotspot_solidity,centroid_distance,time_to_peak_mean_temp,temperature_skewness,temperature_kurtosis,rate_of_std_change_initial,peak_to_average_ratio,radial_profile_0,radial_profile_1,radial_profile_2,radial_profile_3,radial_profile_4,bbox_area,bbox_aspect_ratio,perimeter,circularity,mean_gradient_at_edge,temp_p25,temp_p75,temp_iqr
T1.4V_2.2Pa_2025-6-16-16-59-16_20_26_6_,1_centerhole,0.20152,brick_cladding,6.0,1.4,0.5,177,0.0091041871240497,0.0772775229761144,0.0143814086914212,0.0955543518065979,22.568421108008778,0.2037284772869485,22.2074127197266,23.3049240112305,0.1534476718341135,0.0990885268676557,0.1691356594279724,0.2328405645929075,0.2201908976535831,12.806666666666668,17.55263157894737,22,1,1.079268292682927,0.0,8.4,1.2126110638944685,1.0312219435167913,0.0034249632579977,1.0326342237100654,23.110592948065857,22.88706088066101,22.65640240449172,22.4987972332881,22.44816528426277,240,1.0666666666666669,48.041630029678345,0.963712876123714,0.2989195865526853,22.4141540527344,22.6616477966309,0.2474937438964985
T1.4V_2.2Pa_2025-6-16-16-59-16_20_26_6_,2_cornerhole,0.04612,brick_cladding,6.0,1.4,0.5,137,0.0056566508193995,0.0637730229509969,0.0114647547403349,0.1512603759765021,22.27441955677784,0.1023428402769657,22.0002346038818,22.6479110717773,0.1289469997011749,0.0793275674416171,0.1508315009792333,0.1289772769806508,0.1157394616916031,0.0,0.0,0,1,1.1183673469387756,0.0,9.8,0.5587544203360826,-0.1922799440793126,0.0024685966938408,1.0167677327818767,22.545605235629623,22.4739164710045,22.371484676996868,22.273782157897948,22.21354299121434,182,1.0769230769230769,41.21320307254791,1.0135792081192547,0.1999207232080148,22.1936149597168,22.3452911376953,0.1516761779784978
T1.4V_2025-08-08-19-56-34_20_28_8_,1_centerhole,0.20152,brick_cladding,8.0,1.4,0.5,132,0.0081812361164633,0.0795416687474102,0.0159022013346354,0.190927505493164,22.48871638124639,0.3155175837801122,21.764896392822266,23.49571990966797,0.1399708547090218,0.0966965907511074,0.1550228523485586,0.3336517000809115,0.326654722380541,19.793333333333333,23.526315789473685,27,1,1.137931034482759,0.0,9.2,0.9205068706011348,0.1794870797994581,0.0029944345003979,1.0447781683645283,23.222931226094563,22.9613795876503,22.638784064186943,22.351455569267273,22.257841110229492,169,1.0,39.79898965358734,1.0472242756154502,0.4970255015014738,22.262590408325195,22.675373077392575,0.4127826690673828
T1.4V_2025-08-08-19-56-34_20_28_8_,2_cornerhole,0.04612,brick_cladding,8.0,1.4,0.5,271,0.0024726050832099,0.0165124097873352,0.0027473449707031,-0.0137367248535156,22.39549481015364,0.0966377619152723,22.04170608520508,22.74400329589844,0.0546075639782156,0.0312181913838034,0.0734421283116653,0.1068003059603437,0.1013372537230749,0.0,0.0,0,1,1.0483558994197293,0.0,8.4,0.1231980463659887,-0.2617511382426354,0.0004273610410314,1.0155615443507322,22.376089413960777,22.44397396199843,22.445300833384195,22.36227719443185,22.38282637162642,360,0.625,64.87005698680878,0.8092646982348792,0.4661321334990803,22.331514358520508,22.455442428588867,0.1239280700683593
T1.4V_2.2Pa_2025-6-16-16-43-12_20_30_10_,1_centerhole,0.20152,brick_cladding,10.0,1.4,0.5,189,0.0075803389624939,0.0654182030410375,0.0137321472167997,0.1511478424071981,22.375943311055497,0.0995734608365389,22.0969753265381,22.7302875518799,0.1375668123883249,0.0956887563069765,0.1537135593474978,0.1394893809360849,0.1197729906210876,0.1866666666666666,0.6842105263157895,3,2,0.8307692307692308,13.38937931709922,7.6,0.6086754019607419,-0.0308099674561752,0.0024993235507695,1.0158359464849611,22.586053348722917,22.471230607283744,22.354076868371113,22.327198624610872,22.290161895751957,374,0.7727272727272727,98.29111969470978,0.245834654186105,0.1952295067747214,22.3039512634277,22.4416770935059,0.1377258300781996
T1.4V_2.2Pa_2025-6-16-16-43-12_20_30_10_,2_cornerhole,0.04612,brick_cladding,10.0,1.4,0.5,177,0.0114331721361497,0.1072117972508657,0.0190788269043004,0.2454776763916015,22.72664384421656,0.2122628826366629,22.3452911376953,23.509334564209,0.1736704621894927,0.1161497618249589,0.1833640815174497,0.2518365275576651,0.2346652926022938,16.24,21.57894736842105,25,1,1.0925925925925926,0.0,9.8,1.172886522882524,0.9861678202399636,0.0041913739809716,1.0344393446457611,23.416239314609093,23.09366335187639,22.81252576754643,22.642862191567055,22.607256650924683,225,1.0,47.79898953437805,0.9735218398037307,0.2878942854988,22.5792198181152,22.8262882232666,0.2470684051514027
T1.6V_2025-08-08-19-32-17_20_28_8_,1_centerhole,0.41483,brick_cladding,8.0,1.6,1.5,135,0.0110756673930604,0.099650432445383,0.0169666608174641,0.108642578125,22.868448256881152,0.3265385099873235,22.1660213470459,23.90331268310547,0.1587365431162809,0.1122373609189628,0.1804655428285961,0.3457045370321696,0.3379160245877309,22.4,26.526315789473685,29,1,1.1297071129707112,0.0,9.2,0.8689843400468128,-0.021222035270354,0.0022043337395533,1.0452529360365728,23.617306391398113,23.37549078464508,23.03817778163486,22.741209983825684,22.631490483003503,169,1.0,40.3847758769989,1.0401794714522568,0.5448715635542895,22.620439529418945,23.08641242980957,0.465972900390625
T1.6V_2025-08-08-19-32-17_20_28_8_,2_cornerhole,0.11366,brick_cladding,8.0,1.6,1.5,283,0.0036479823171048,0.0414926710903849,0.0097659655979701,0.1230278015136718,22.736051610670323,0.1069363404249004,22.38661003112793,23.182069778442383,0.0614289584735401,0.0470844293960563,0.0786605403617102,0.1208150286866292,0.1140424049571966,0.04,0.1052631578947368,1,1,1.0659133709981168,0.0,8.8,0.2576888158272128,-0.0578543811039358,0.0010013098210285,1.019617221820641,22.745584397088912,22.78325394789378,22.79619605654762,22.714494663126327,22.707652022198932,345,0.6521739130434783,65.21320307254791,0.8362290213118982,0.5055111243660462,22.66164779663086,22.81258201599121,0.1509342193603515
T1.6V_2025-08-05-20-06-57_20_30_10_,1_centerhole,0.52413,brick_cladding,10.0,1.6,2.2,166,0.0119111230164098,0.1116357596523798,0.0260705214280348,0.3118648529052734,22.750668940716483,0.3812796809746908,22.179819107055664,24.092952728271484,0.2298979816666559,0.1513159859132566,0.2494590253715038,0.4310071254670281,0.4098817844687462,29.653333333333332,34.18421052631579,36,1,1.0957095709570956,0.0,9.2,1.3545916463107508,1.1820899041005584,0.0062090581184126,1.0589997503393291,23.83908600277371,23.361256735665457,22.85870524553152,22.554169998794304,22.45586144924164,210,0.9333333333333332,46.3847758769989,0.9695428926335268,0.3554456577646082,22.469200134277344,22.908512115478516,0.4393119812011719
T1.6V_2025-08-05-20-06-57_20_30_10_,2_cornerhole,0.15154,brick_cladding,10.0,1.6,2.2,141,0.0088215666580586,0.0835078895514733,0.0146629696800595,0.08209228515625,22.810845760859497,0.0785261570932904,22.537981033325195,23.08641242980957,0.1401560549506407,0.0929155091811008,0.1701545174240202,0.100819555176462,0.090077187197496,0.0,0.0,0,1,1.1146245059288538,0.0,9.2,0.2352205489324424,-0.0676385862756117,0.0017875125822488,1.0120805108166095,22.99294164445665,22.97387800216675,22.908327674865724,22.82293175591363,22.794293933444553,180,0.8,42.38477575778961,0.9863003723115594,0.306411285714359,22.757728576660156,22.867416381835938,0.1096878051757812
T1.6V_2025-08-08-19-20-36_20_32_12_,1_centerhole,0.41483,brick_cladding,12.0,1.6,1.5,133,0.0118501103910283,0.1212937061051668,0.0175377630418346,0.2310924530029297,22.709395494676173,0.3279141883455201,21.875717163085938,23.76764488220215,0.2201658667053763,0.1452958858939325,0.250699136490212,0.3563600199579599,0.3437023828698167,24.026666666666667,29.210526315789473,35,1,1.1223628691983123,0.0,9.2,0.906430871363828,0.1573541733209147,0.0040391372968899,1.0465996282364305,23.516789118448894,23.24631255865097,22.90435716840956,22.597560262680055,22.48161068558693,169,1.0,40.3847758769989,1.0247694052085197,0.5090483058945359,22.469200134277344,22.908512115478516,0.4393119812011719
T1.6V_2025-08-08-19-20-36_20_32_12_,2_cornerhole,0.11366,brick_cladding,12.0,1.6,1.5,276,0.0043196711781162,0.0246399174565858,0.0097901480538504,0.0958995819091796,22.587157409778538,0.1007054919669668,22.276376724243164,22.990665435791016,0.0935463452502839,0.0522261372626106,0.1156594787818789,0.1099512293606494,0.1052268541225703,0.0133333333333333,0.0526315789473684,1,1,1.057471264367816,0.0,9.4,0.1900015325239117,-0.2553707074373066,0.0006851438358746,1.017864489040918,22.575586273556663,22.64229965209961,22.650213568298906,22.600336641878695,22.565433044433593,352,0.7272727272727273,64.04163014888763,0.8456568864144819,0.4426278330227856,22.510469436645508,22.66164779663086,0.1511783599853515
T1.6V_2025-08-05-19-57-24_20_34_14_,1_centerhole,0.52413,brick_cladding,14.0,1.6,2.2,161,0.01812348046122,0.1704497248489644,0.0313318692720853,0.2987785339355469,22.65693180250085,0.3572906823980961,22.027889251708984,23.957536697387695,0.2680064323253192,0.1902861210130008,0.2874398083420253,0.4098878242906763,0.3856321314385061,29.98,35.1578947368421,39,1,1.1065292096219932,0.0,9.6,1.3361964318826127,1.2124997671823667,0.0063796414045126,1.0574042816663856,23.689739757113987,23.238961492265975,22.765106824728157,22.50441109404272,22.40994631725809,210,0.9333333333333332,45.21320307254791,0.9897036905137953,0.3446535922902444,22.40037727355957,22.81258201599121,0.4122047424316406
T1.6V_2025-08-05-19-57-24_20_34_14_,2_cornerhole,0.15154,brick_cladding,14.0,1.6,2.2,143,0.0099986472052012,0.0867412940605518,0.0136947631835937,0.1506614685058593,22.728362176801777,0.069485711193455,22.48296546936035,22.990665435791016,0.172343547527605,0.1112909501971605,0.1970737964123259,0.0915755867985374,0.0808036149412912,0.0,0.0,0,1,1.1171875,0.0,9.0,0.1877607525854239,-0.0602970919749932,0.001807687648343,1.011540790178756,22.909270604451496,22.88966723850795,22.79582878259512,22.74170796076457,22.735999319288467,176,0.6875,43.55634891986847,0.947202782414439,0.2789300689635255,22.675373077392575,22.77144432067871,0.0960712432861328
T1.8V_2025-08-05-19-42-20_20_26_6_,1_centerhole,0.71198,brick_cladding,6.0,1.8,3.7,167,0.0126657701208536,0.1138206070768639,0.0211903452873229,0.1357173919677734,22.796684993812423,0.3326855137115452,22.248804092407227,23.971080780029297,0.1682497749484907,0.1259999197923736,0.1918971010310919,0.3757120625321685,0.3557092885230147,26.46,30.55263157894737,33,1,1.0986842105263157,0.0,9.6,1.2739202072167928,0.989692024635826,0.005193137491692,1.0515160772952574,23.729809867011177,23.30270232473101,22.87574907449575,22.60412294633927,22.51991868019104,210,0.9333333333333332,46.3847758769989,0.9753835124686684,0.358356145896546,22.551727294921875,22.935903549194336,0.3841762542724609
T1.8V_2025-08-05-19-42-20_20_26_6_,2_cornerhole,0.21923,brick_cladding,6.0,1.8,3.7,150,0.0091668851447821,0.0936129124959315,0.0146329970586867,0.1911697387695312,22.964307007598876,0.0827672583404579,22.675373077392575,23.30492401123047,0.1715147476865535,0.1077156270345053,0.1984392420450831,0.105989490972585,0.0954952261966423,0.0,0.0,0,1,1.1278195488721805,0.0,9.8,0.2931756429487975,-0.1063948179528742,0.0023197929639355,1.014832452967942,23.183587392171223,23.136288261413576,23.078881001472475,22.990221699078877,22.947303771972656,182,0.9285714285714286,42.97056233882904,1.0208432200553408,0.3003041395593169,22.89481735229492,23.018035888671875,0.1232185363769531
T1.8V_2025-08-05-19-26-05_20_30_10_,1_centerhole,0.71198,brick_cladding,10.0,1.8,3.7,184,0.012141984442006,0.1214585407920516,0.0279719254066204,0.2976322174072265,22.903376823715544,0.3948798146758194,22.290163040161133,24.295719146728516,0.2126892507758246,0.1497904194956247,0.248544247254081,0.450979906471436,0.4257258584000785,33.24,38.0,43,1,1.0791788856304985,0.0,8.4,1.3841853337311292,1.2992238132104674,0.006013346842698,1.060792010441502,23.819243748982743,23.495303426470077,23.04983617709233,22.75709134561044,22.616897001499083,224,0.875,50.14213538169861,0.9196488598775416,0.373621134525512,22.620439529418945,23.059072494506836,0.4386329650878906
T1.8V_2025-08-05-19-26-05_20_30_10_,2_cornerhole,0.21923,brick_cladding,10.0,1.8,3.7,156,0.0080974244663857,0.0756825178097457,0.0151793162027994,0.1229171752929687,23.013750122021406,0.0852974005738931,22.730287551879883,23.332202911376953,0.1615774123131353,0.1067715577182616,0.1779340597299423,0.112620575939317,0.0998012888443301,0.0,0.0,0,1,1.1142857142857143,0.0,8.2,0.1462591797214875,-0.2892619236670617,0.0023378548949378,1.0138375009577785,23.226064258151585,23.185473442077637,23.12570004463196,23.035830199718475,22.974861511817345,195,0.8666666666666667,44.38477599620819,0.9950992469441,0.3245508559461341,22.94959831237793,23.072738647460938,0.1231403350830078
T1.8V_2025-08-08-18-53-18_20_32_12_,1_centerhole,0.61767,brick_cladding,12.0,1.8,2.9,139,0.014232649873405,0.1545206522770073,0.029102052961077,0.2716102600097656,22.797128340631936,0.3562963062022581,22.12459945678711,23.998178482055664,0.254402157755704,0.1764576083578944,0.2728766160045595,0.3919589784406312,0.376142166096136,29.24,35.44736842105263,41,1,1.1300813008130082,0.0,9.8,0.912320863484698,0.0201123911208802,0.0053345801140441,1.0526842733645123,23.704139285617405,23.39134407043457,22.972857308387756,22.641836663087208,22.545754432678223,169,1.0,40.97056221961975,1.0405928010160577,0.479034759299079,22.52422523498535,23.018035888671875,0.4938106536865234
T1.8V_2025-08-08-18-53-18_20_32_12_,2_cornerhole,0.18493,brick_cladding,12.0,1.8,2.9,275,0.0055780393986408,0.0591885861483518,0.0133879288383152,0.1094837188720703,22.709308171220258,0.0992246806935203,22.40037727355957,23.100088119506836,0.1168360939208412,0.0757243053551891,0.1284598333185371,0.1173978218413964,0.108305491498611,0.0933333333333333,0.3157894736842105,2,1,1.0299625468164797,0.0,9.4,0.3253179446680853,0.0304492883052445,0.0012387629507202,1.0172079195605712,22.763896124703543,22.778756183736466,22.76540127367076,22.720010728102466,22.70141258239746,368,0.6956521739130435,67.21320307254791,0.7649505709250521,0.4926246857035197,22.634174346923828,22.77144432067871,0.1372699737548828
T1.8V_2025-08-05-19-17-15_20_34_14_,1_centerhole,0.71198,brick_cladding,14.0,1.8,3.7,171,0.0158879352591867,0.1682440662941751,0.0338818810202858,0.3795738220214844,22.725657467758445,0.3901973955181072,22.12459945678711,24.174100875854492,0.2854514326011628,0.1890075261969311,0.316022426761382,0.4574350694249531,0.4272067639305191,33.54,42.0,48,1,1.072100313479624,0.0,9.8,1.341566640808898,1.2150938627030312,0.0065094303857882,1.0637360397669902,23.875243610805935,23.377020120620728,22.835494391123454,22.51965411204212,22.4282325108846,224,0.875,48.38477599620819,0.9178854906943248,0.3504825391609271,22.44167709350586,22.89481735229492,0.4531402587890625
T1.8V_2025-08-05-19-17-15_20_34_14_,2_cornerhole,0.21923,brick_cladding,14.0,1.8,3.7,164,0.0108154887899327,0.1121872459969886,0.0146739823477608,0.164377212524414,22.742583630957256,0.0781760599792603,22.469200134277344,23.03171157836914,0.207604599855985,0.1329095721826335,0.2238074744619993,0.1074991612058653,0.0929176166993945,0.1,0.3947368421052631,2,1,1.108108108108108,0.0,9.8,0.0564006520446808,-0.0347732756035279,0.001817248497053,1.012713065151416,22.96252187093099,22.91388245991298,22.831419431246243,22.76417085236194,22.73026438554128,208,0.8125,45.79898941516876,0.9825211815732438,0.324682390664885,22.689109802246097,22.798877716064453,0.1097679138183593
T2.0V_6.3Pa_2025-6-16-17-40-19_20_26_6_,1_centerhole,0.6779,brick_cladding,6.0,2.0,3.4,171,0.009416528678943,0.0881192502919745,0.0207818072774996,0.150358200073299,22.57172321341888,0.2042679396292892,22.13840675354,23.3049240112305,0.1921358842341916,0.1216809354934525,0.2192366639075906,0.2447764946062981,0.2269280805237831,14.853333333333332,23.05263157894737,27,1,1.0788643533123028,0.0,9.6,0.9394939263892422,0.4303639063809248,0.0042345758992768,1.0324831556225946,23.219229910108805,22.92777674538748,22.69527462124825,22.525331438504733,22.46323611285236,240,1.0666666666666669,47.455843687057495,0.9541717991996274,0.2974074383013657,22.4279098510742,22.6891098022461,0.2611999511718998
T2.0V_6.3Pa_2025-6-16-17-40-19_20_26_6_,2_cornerhole,0.20677,brick_cladding,6.0,2.0,3.4,271,0.0061280894543411,0.0549598004105327,0.0189925254659359,0.1648139953612997,22.244477697421704,0.1244610985580708,21.9725799560547,22.7851619720459,0.1313044197421768,0.0763004043973179,0.1696545717021145,0.1831890854338565,0.1553698979324275,6.226666666666667,13.736842105263158,18,3,0.7374149659863946,0.0,8.2,1.1234183972440024,1.2875134783429134,0.0046757137637965,1.0243064495367704,22.474289439973393,22.36627548328345,22.27559026406736,22.22753981938438,22.16945590972901,667,1.2608695652173914,135.24567127227783,0.1861797347821449,0.2543402781635446,22.152214050293,22.3039512634277,0.1517372131346981
T2.0V_2025-08-08-18-38-03_20_28_8_,1_centerhole,0.6779,brick_cladding,8.0,2.0,3.4,133,0.0202905227285658,0.1919594958312558,0.0267485416296756,0.2988185882568359,22.73488110162262,0.3886349028243743,21.83417510986328,23.889759063720703,0.3304705991544993,0.2278630118501531,0.352693916263437,0.4120119942312065,0.4031451174339613,34.153333333333336,40.973684210526315,44,1,1.1319148936170214,0.0,9.6,0.7996517484498497,-0.2223430814818203,0.004319729000572,1.0507976248890811,23.696629418267143,23.37769055366516,22.924216961860655,22.57971011037412,22.472610738542343,169,1.0,40.38477575778961,1.0247694112584247,0.6652714361995157,22.44167709350586,23.004350662231445,0.5626735687255859
T2.0V_2025-08-08-18-38-03_20_28_8_,2_cornerhole,0.20677,brick_cladding,8.0,2.0,3.4,167,0.0069797902115023,0.0752663412493852,0.0126792766429759,0.082162857055664,22.57884016391046,0.1368806619549609,22.20741271972656,23.072738647460938,0.1477065268203055,0.0936739739971958,0.1682146723398894,0.1688153253690626,0.1536323110447978,1.6333333333333333,4.2631578947368425,7,1,1.0470219435736676,0.0,9.8,0.3470279397418221,-0.3110031225096019,0.0027861569527827,1.0218743956715683,22.686420440673828,22.727728565533955,22.642490518504175,22.577439963817596,22.484177827835083,240,0.6,52.38477599620819,0.7647441312979788,0.5092862080739964,22.469200134277344,22.675373077392575,0.2061729431152343
T2.0V_6.3Pa_2025-6-16-17-25-13_20_30_10_,1_centerhole,0.6779,brick_cladding,10.0,2.0,3.4,159,0.0127785260822285,0.1114805449479767,0.0240383148193377,0.3022441864013991,22.224422430602257,0.1465066091252366,21.9172401428223,22.7714443206787,0.2178364466137191,0.1424314034260091,0.2336728317932568,0.2081579650813883,0.1789873681741345,10.08,19.105263157894736,22,1,1.1041666666666667,0.0,9.8,0.8144708699027937,0.096141748247529,0.004982056326503,1.024613548081376,22.642500347561302,22.524854353496007,22.34029155511123,22.216261545817066,22.172893257141112,208,1.2307692307692308,46.38477599620819,0.9286585490142129,0.2570688077448329,22.110782623291,22.3177280426025,0.2069454193114985
T2.0V_6.3Pa_2025-6-16-17-25-13_20_30_10_,2_cornerhole,0.20677,brick_cladding,10.0,2.0,3.4,178,0.0110009573818592,0.134526831380441,0.0186157226562273,0.2319946289062002,22.522266178131105,0.2473301613108526,22.0693416595459,23.4003677368164,0.2151601473866379,0.1476013825805895,0.2302143439817996,0.2979742650654407,0.2741249573007469,23.133333333333333,31.23684210526316,36,1,1.0853658536585369,0.0,9.8,1.1180938134987135,0.7752131308227237,0.0052605647864229,1.038988152956736,23.3367214202881,22.96393428530011,22.69074711203575,22.48394756317139,22.388933203437116,240,1.0666666666666669,48.041630029678345,0.9691575816385372,0.3031280722027688,22.3452911376953,22.6479110717773,0.3026199340820028
T2.0V_6.3Pa_2025-6-16-17-15-32_20_34_14_,1_centerhole,0.6779,brick_cladding,14.0,2.0,3.4,150,0.0124307137948479,0.1188582865397123,0.0281472639604096,0.3167209625243998,22.037110600026445,0.1456436498647957,21.7371711730957,22.5792198181152,0.2549521867852427,0.1578905211554601,0.2765477625528945,0.2250497142904357,0.1853731569971038,11.8,23.81578947368421,29,1,1.1029411764705883,0.0,9.4,0.8590878627018655,0.2004411545666142,0.0059468591621088,1.0245998319801557,22.53872034284804,22.383805561065675,22.211510801315303,22.034509860552273,21.957545642195075,196,1.0,43.79898941516876,0.9825913644645058,0.2385990631681425,21.9172401428223,22.1245994567871,0.2073593139647975
T2.0V_6.3Pa_2025-6-16-17-15-32_20_34_14_,2_cornerhole,0.20677,brick_cladding,14.0,2.0,3.4,175,0.0139070410477487,0.1449424743652336,0.0300468444824204,0.2459945678711008,22.37335219573975,0.257221254260467,21.9034023284912,23.332202911377,0.2466519767359665,0.1725227440970273,0.2694409179687511,0.3367733282134719,0.3003681934277298,26.986666666666668,36.60526315789474,41,1,1.1075949367088609,0.0,9.2,1.1672053008586605,0.8894020341319355,0.0071332247959064,1.0428568194541643,23.199402915106862,22.83263523238045,22.49003615746131,22.29906812006114,22.235355377197273,224,1.1428571428571428,46.627416372299194,1.0114984207122075,0.3230580850927726,22.1798191070557,22.4967231750488,0.3169040679931001
T2.2V_2025-08-05-18-56-14_20_26_6_,1_centerhole,0.99759,brick_cladding,6.0,2.2,6.7,169,0.0144049673521436,0.1510001526781828,0.0270347595214843,0.3248119354248047,23.064491281227248,0.3362067479590306,22.455442428588867,24.268712997436523,0.2863982888776855,0.1878979000114141,0.3107511870254456,0.3669263715498997,0.3574766878534267,31.426666666666662,39.18421052631579,44,1,1.0868167202572347,0.0,9.8,1.2697018553223434,0.9310003334763066,0.005731119644614,1.0522110677199032,24.037940555148655,23.573841492335003,23.14388553912823,22.90221847922115,22.824174294104942,224,0.875,47.21320295333862,0.9527295608666736,0.3639745941573252,22.8262882232666,23.209388732910156,0.3831005096435547
T2.2V_2025-08-05-18-56-14_20_26_6_,2_cornerhole,0.32551,brick_cladding,6.0,2.2,6.7,154,0.0102973603583,0.1078691482543945,0.0169928868611653,0.190500259399414,23.300314462092015,0.0918821384728976,22.963285446166992,23.645366668701172,0.212047859160606,0.13165161297951,0.2311959080881891,0.1250733192183531,0.1089561003836626,0.5466666666666666,1.894736842105263,5,1,1.088339222614841,0.0,9.8,0.3706872022810199,0.0067484586364137,0.0026337813984862,1.01480890771541,23.569807052612305,23.50955888203212,23.418455630540848,23.324456405639648,23.280634689331055,210,0.9333333333333332,45.21320307254791,0.9466730952740652,0.3219129125178679,23.2366886138916,23.359472274780273,0.1227836608886718
T2.2V_2025-08-08-18-10-33_20_28_8_,1_centerhole,0.87444,brick_cladding,8.0,2.2,5.3,141,0.0184739094612652,0.2101005256598718,0.0246589834039861,0.2032737731933593,22.944219351694095,0.3911745093228227,22.083158493041992,24.079418182373047,0.3222630117401419,0.2290598675883397,0.3528156009971646,0.4221923789208435,0.4086248199957194,36.72666666666667,43.39473684210526,47,1,1.119047619047619,0.0,9.8,0.8075242064509852,-0.1948500639500157,0.0044054429860146,1.0494764634733644,23.922815958658855,23.553337335586548,23.110355705022812,22.80384549388179,22.66425233417087,182,1.0769230769230769,41.79898929595947,1.0141388390293598,0.6666036162159481,22.647911071777344,23.19573402404785,0.5478229522705078
T2.2V_2025-08-08-18-10-33_20_28_8_,2_cornerhole,0.27934,brick_cladding,8.0,2.2,5.3,185,0.0068777797910603,0.07395248413086,0.0149208307266235,0.1091499328613281,22.883283901730103,0.1428476359555271,22.496723175048828,23.400367736816406,0.1749559003631899,0.1116619395350553,0.1908823992754982,0.1752253150538952,0.1599824303402759,3.033333333333333,7.236842105263157,12,1,1.008174386920981,0.0,9.6,0.3186483495193878,-0.2486945640055244,0.0023511321407897,1.0225965747445545,22.923226283146786,22.991672648323902,22.99148539029635,22.918357724728793,22.84841548919678,280,0.7,57.21320295333862,0.7102137391608399,0.5823168690026708,22.77144432067871,22.976980209350582,0.205535888671875
T2.2V_2025-08-05-18-41-06_20_30_10_,1_centerhole,0.99759,brick_cladding,10.0,2.2,6.7,195,0.0151080794410418,0.1409053704677489,0.0300460391574435,0.378427505493164,22.86749675222544,0.4249583338411996,22.221220016479492,24.444150924682617,0.2055006807149657,0.1470770375178401,0.2316928178836121,0.4885752192359712,0.4600341673501257,37.54,43.63157894736842,48,1,1.092436974789916,0.0,9.6,1.4046074241152082,1.2658492489071875,0.0070364844968614,1.0689473880565323,23.875786039564343,23.478240887324016,22.996121168136597,22.671639442443848,22.54560745679415,224,0.875,51.55634891986847,0.9218922561679364,0.4101323493159368,22.565473556518555,23.045387268066406,0.4799137115478515
T2.2V_2025-08-05-18-41-06_20_30_10_,2_cornerhole,0.32551,brick_cladding,10.0,2.2,6.7,154,0.0121110032647197,0.1145339941049563,0.0235218837343413,0.23199462890625,22.98137369601757,0.1018427195793191,22.702835083007812,23.441251754760746,0.2434180987182751,0.15374808414674,0.2688525559066193,0.1383440324681974,0.1224025134260291,2.5933333333333333,7.552631578947368,17,1,1.1,0.0,8.4,0.6133247006155906,0.371972448562202,0.0036829305327117,1.0200109038226406,23.26094690958659,23.231041295187815,23.09006019739004,23.004641424525868,22.955783980233328,210,0.9333333333333332,44.627416372299194,0.9716885723449196,0.3815036620284613,22.908512115478516,23.045387268066406,0.1368751525878906
T2.2V_2025-08-05-18-31-40_20_34_14_,1_centerhole,0.99759,brick_cladding,14.0,2.2,6.7,173,0.0190103477333128,0.1862612377012382,0.0348726908365885,0.2574081420898437,22.769194868231097,0.4040224834138368,22.193614959716797,24.228174209594727,0.3416173167238853,0.2284192482538535,0.3683392519206663,0.4742737203090276,0.4435628610055272,38.74,49.94736842105263,55,1,1.108974358974359,0.0,9.8,1.3404847890769758,1.095441716223946,0.008245460678745,1.06407689642989,23.978438059488933,23.482825006757466,22.9205314379472,22.59312415892078,22.521388400684703,210,0.9333333333333332,46.97056233882904,0.9853815986242144,0.3777913465719816,22.469200134277344,22.94959831237793,0.4803981781005859
T2.2V_2025-08-05-18-31-40_20_34_14_,2_cornerhole,0.32551,brick_cladding,14.0,2.2,6.7,139,0.0151490697367975,0.1607292916277316,0.022003310067313,0.1231689453125,22.777539344074057,0.0852218362757842,22.455442428588867,23.154748916625977,0.2912721312529028,0.1851210092411913,0.3186106098641588,0.1204084410557026,0.103799587093732,2.4133333333333336,7.631578947368421,13,1,1.125506072874494,0.0,9.8,0.3873873204598921,0.2389815670307276,0.002567064798888,1.0165605936117088,23.011172824435764,22.993357753753664,22.93809802532196,22.83812963962555,22.792316740209404,168,0.8571428571428571,41.55634891986847,1.0114627566214591,0.3619062570430132,22.716562271118164,22.840003967285156,0.1234416961669921
T2.4V_2025-08-08-17-43-01_20_28_8_,1_centerhole,1.11613,brick_cladding,8.0,2.4,8.2,134,0.0116169405845045,0.1321726557034175,0.0202798843383789,0.243448257446289,23.257146230669164,0.3550142151793875,22.469200134277344,24.322725296020508,0.2032195118966307,0.1517846117921148,0.2331679472282779,0.3860002137085493,0.373009437666123,28.62,32.60526315789474,36,1,1.1355932203389831,0.0,9.0,0.7918366716000214,-0.2532909690614975,0.0048095848492504,1.045817275033777,24.080851766798233,23.80582551956177,23.3751127243042,23.06609162040379,22.98738966490093,169,1.0,40.38477575778961,1.0324744444257814,0.635549264061835,22.990665435791016,23.49571990966797,0.5050544738769531
T2.4V_2025-08-08-17-43-01_20_28_8_,2_cornerhole,0.3703,brick_cladding,8.0,2.4,8.2,177,0.0041974339396649,0.0363935912396264,0.0136146545410156,0.2041568756103515,23.156385501064147,0.1389525940681374,22.81258201599121,23.645366668701172,0.0907089458559729,0.0577634353781382,0.1191355602889423,0.1751872011327673,0.157800231984153,0.9933333333333332,2.289473684210526,5,1,1.005681818181818,0.0,7.4,0.3188228725834928,-0.2859979274678932,0.0025908511278542,1.021116472068344,23.160493043752815,23.221215592490303,23.230698953595077,23.180643649328324,23.09646086857237,260,0.65,56.041630029678345,0.7082092795791394,0.537309136807578,23.045387268066406,23.25034523010254,0.2049579620361328
T2.4V_2025-08-08-17-31-06_20_32_12_,1_centerhole,1.11613,brick_cladding,12.0,2.4,8.2,144,0.0224327699905291,0.2152458561791306,0.0373106002807617,0.3936538696289062,22.759464614126415,0.4089711013975738,21.820327758789062,23.998178482055664,0.4032252179948912,0.2685445559466334,0.4228130578994751,0.4443327002429667,0.4315541216825647,41.1,50.526315789473685,53,1,1.1206225680933852,0.0,9.8,0.8622544100268655,-0.1212541051417592,0.0069410594009005,1.0544263184099858,23.89950678083632,23.3712671484266,22.956884920597076,22.682971918357993,22.52542461048473,182,0.9285714285714286,42.3847758769989,1.0072854809499798,0.6045559678679052,22.44167709350586,23.03171157836914,0.5900344848632812
T2.4V_2025-08-08-17-31-06_20_32_12_,2_cornerhole,0.3703,brick_cladding,12.0,2.4,8.2,169,0.0103482339509137,0.1124342517739904,0.0254553417826807,0.2189159393310547,22.67208134419819,0.1262108428094301,22.331514358520508,23.182069778442383,0.1947459351864228,0.1330294382219475,0.2117207544089758,0.1690435736657828,0.147868906762473,3.4266666666666667,8.026315789473685,14,1,1.0662460567823344,0.0,9.4,0.4593048686685911,-0.1176139850760007,0.0026898789888685,1.022494116287859,22.778911363510858,22.791876057783764,22.772631506125133,22.678179690712376,22.64198793683733,231,0.5238095238095238,52.97056245803833,0.7568806453356126,0.5009664476704994,22.57921981811523,22.757728576660156,0.1785087585449218
T2.6V_2025-08-05-18-16-23_20_26_6_,1_centerhole,1.24498,brick_cladding,6.0,2.6,10.0,188,0.007450876506508,0.0637838383938422,0.0096738906133742,0.0,22.80747085246634,0.3747274379975494,22.1660213470459,24.05234146118164,0.0999552514758661,0.0750079604750843,0.1202155884276052,0.3879183296713508,0.3821070897568319,28.846666666666668,30.5,34,1,1.096209912536443,0.0,7.0,1.178078747421521,0.6431620445603219,0.0011346472373402,1.0545817033711429,23.605041397942436,23.325505597250803,22.93058101947491,22.65753603848544,22.52575724775141,224,0.875,49.55634891986847,0.9619867916544084,0.3701357002387443,22.52422523498535,22.990665435791016,0.466440200805664
T2.6V_2025-08-05-18-16-23_20_26_6_,2_cornerhole,0.41926,brick_cladding,6.0,2.6,10.0,184,0.0080898506417703,0.0716467318327538,0.0142831580583439,0.081857681274414,22.903366545386938,0.1369100342443902,22.551727294921875,23.41400146484375,0.1218534980813222,0.0773603408232994,0.133449813593991,0.1541655071923743,0.1454345380882627,0.3666666666666666,0.7894736842105263,4,1,1.1117824773413898,0.0,9.6,0.5096568728963792,-0.4543880320509812,0.0020125887496619,1.0222951904666462,23.172193739149307,23.107368843896047,22.99755960244399,22.884312341798022,22.827907880147297,225,1.0,47.79898941516876,1.0120227085726925,0.3809939724747768,22.798877716064453,23.004350662231445,0.2054729461669922
T2.6V_2025-08-08-17-18-28_20_28_8_,1_centerhole,1.24498,brick_cladding,8.0,2.6,10.0,140,0.0165782726456965,0.1580226898193366,0.0260529151329627,0.3382835388183594,23.164275127138406,0.3561736460500947,22.37284469604492,24.268712997436523,0.2672215411537563,0.1847435470762699,0.294100270952498,0.3844444333738785,0.371522267702639,32.39333333333333,38.26315789473684,41,1,1.1155378486055776,0.0,9.4,0.7995037816304037,-0.2178705788817523,0.0045134224318048,1.0476784990782724,24.050904273986816,23.825953245162964,23.4334698677063,23.115848514768818,22.93776108497797,182,0.9285714285714286,41.79898929595947,1.0069463649936905,0.5974784121438402,22.89481735229492,23.41400146484375,0.5191841125488281
T2.6V_2025-08-08-17-18-28_20_28_8_,2_cornerhole,0.41926,brick_cladding,8.0,2.6,10.0,196,0.0059596284643393,0.0598420999488027,0.0125518598054584,0.1362972259521484,23.05520973361268,0.1335047093505378,22.689109802246097,23.55016708374023,0.1532212584154418,0.0879171634206949,0.1743525680230568,0.1617027740745922,0.147859826289344,1.346666666666667,3.868421052631579,8,1,1.005128205128205,0.0,9.4,0.2689674960409572,-0.3328564620269874,0.0024450473370179,1.0214683516587553,23.100045864398663,23.150507152080536,23.158491625930324,23.06819592689981,23.000837802886963,280,0.7,58.627416372299194,0.7165795726057459,0.5449344421177691,22.94959831237793,23.141084671020508,0.1914863586425781
T2.6V_2025-08-08-17-06-51_20_32_12_,1_centerhole,1.24498,brick_cladding,12.0,2.6,10.0,140,0.020464482245508,0.2123118945530464,0.03567846197831,0.3937053680419922,22.824545489992417,0.3944925709325282,21.986408233642575,24.13353157043457,0.3302787332606486,0.2309017024267276,0.3536790302821551,0.4480540312185243,0.4256197361182474,36.92666666666667,44.078947368421055,48,1,1.1111111111111112,0.0,9.8,0.8088080005277458,-0.2099615246126411,0.0068151521428819,1.0573499297506752,23.855743980407716,23.619168281555176,23.175265338685776,22.801041889190675,22.568447379178775,182,1.0769230769230769,41.79898941516876,1.006946359250137,0.6374842329762751,22.52422523498535,23.08641242980957,0.5621871948242188
T2.6V_2025-08-08-17-06-51_20_32_12_,2_cornerhole,0.41926,brick_cladding,12.0,2.6,10.0,270,0.0065857216163917,0.0563802577831147,0.0120723948759191,0.1367340087890625,22.66817085435655,0.1223915748093723,22.290163040161133,23.141084671020508,0.0802119515327927,0.0581734573458463,0.1033496220906577,0.1554629362731263,0.1383297371278921,0.7533333333333333,2.1052631578947367,6,1,1.026615969581749,0.0,9.8,0.2681154051271595,-0.1151796392005271,0.0013355460870545,1.020862460394464,22.66451018197196,22.72780589262645,22.73819202351793,22.674363221695177,22.632087213021737,374,0.7727272727272727,66.62741661071777,0.7643067223409725,0.5395994816308952,22.57921981811523,22.74400329589844,0.1647834777832031
T2.6V_2025-08-05-17-40-45_20_34_14_,1_centerhole,1.24498,brick_cladding,14.0,2.6,10.0,250,0.0153192758560183,0.1476293334960949,0.0375355614556206,0.3515949249267578,22.63508511932373,0.4530696974345396,21.972579956054688,24.430667877197266,0.2765908761275454,0.1913151954650891,0.2981906967163112,0.5463428762688683,0.5038844402554798,51.75333333333333,61.60526315789474,67,1,1.0775862068965518,0.0,9.6,1.689633316691528,2.1984007073956677,0.0101981337773406,1.0793274135444109,23.55670738220215,23.2178036570549,22.765718635759857,22.48675341355173,22.359046368985563,285,0.7894736842105263,59.55634891986847,0.8857144732312632,0.395319845068116,22.345291137695312,22.757728576660156,0.4124374389648437
T2.6V_2025-08-05-17-40-45_20_34_14_,2_cornerhole,0.41926,brick_cladding,14.0,2.6,10.0,159,0.015727944843924,0.1351270855597732,0.0238074427065641,0.1916275024414062,22.65858417534978,0.1130871091203725,22.331514358520508,23.113754272460938,0.3216521548183104,0.1991879621941591,0.3559485141586194,0.1634933493403064,0.1394621870154787,10.433333333333334,26.789473684210527,35,1,1.10801393728223,0.0,9.2,0.5734587566263926,0.0872911341339688,0.0038502261425631,1.020088196755309,23.024102952745224,22.961026430130005,22.811736253591683,22.725531514485677,22.662458686828614,208,1.2307692307692308,45.21320307254791,0.9774092347310152,0.4081706759980275,22.565473556518555,22.730287551879883,0.1648139953613281
T2.8V_2025-08-05-17-24-53_20_26_6_,1_centerhole,1.37528,brick_cladding,6.0,2.8,12.0,225,0.0134356366263488,0.1085122341579847,0.024275168394431,0.243539810180664,22.886989468383785,0.3780384899498408,22.13840675354004,24.295719146728516,0.1935244226734525,0.1252758158931011,0.2121135711669914,0.4235393022744707,0.4053123730687138,38.07333333333333,44.63157894736842,49,1,1.079136690647482,0.0,8.8,1.506347330724342,1.5457656109519702,0.0056456469347091,1.0615515500756776,23.584698823782112,23.354745970831974,23.01006884045071,22.764050483703613,22.634995951797023,266,0.7368421052631579,56.62741661071777,0.8817366313170443,0.3723751800999183,22.634174346923828,23.018035888671875,0.3838615417480469
T2.8V_2025-08-05-17-24-53_20_26_6_,2_cornerhole,0.46901,brick_cladding,6.0,2.8,12.0,166,0.0099051535394119,0.095241776431898,0.0201502713290127,0.1227130889892578,23.010781270222495,0.1192125699652215,22.702835083007812,23.468490600585938,0.2306732581095659,0.1412608031766945,0.2538188107042423,0.160308990373465,0.1409181904338848,4.766666666666667,13.052631578947368,21,1,1.117845117845118,0.0,9.6,0.6338910974042312,0.2239110805385351,0.0043405498923499,1.019891081705937,23.36324787139893,23.285388912473405,23.127247975422787,23.039127805958625,22.97011867646248,208,1.2307692307692308,45.21320271492005,1.0204398461137172,0.355148227374889,22.922208786010746,23.08641242980957,0.1642036437988281
T2.8V_2025-08-08-16-53-57_20_28_8_,1_centerhole,1.40613,brick_cladding,8.0,2.8,12.5,138,0.0155771717201525,0.1385950143786445,0.0265950741975203,0.3534984588623047,22.734601712434188,0.3591514550099135,21.875717163085938,23.83550262451172,0.2919755505751694,0.1890101918390986,0.316105137700621,0.39270694704017,0.3802377868366017,32.54,39.76315789473684,42,1,1.1219512195121952,0.0,8.4,0.7956689736250163,-0.2105832292389009,0.0062161156426937,1.0484240245772776,23.638505511813698,23.35386633872986,22.925595140457155,22.60310773646578,22.474469271573152,169,1.0,41.55634880065918,1.0041860519034205,0.5802612553025399,22.469200134277344,22.963285446166992,0.4940853118896484
T2.8V_2025-08-08-16-53-57_20_28_8_,2_cornerhole,0.48081,brick_cladding,8.0,2.8,12.5,159,0.0106788963399911,0.0943855429595359,0.0205497741699218,0.1917877197265625,22.56308568222718,0.1248089430509607,22.221220016479492,23.004350662231445,0.1844185444346646,0.1222522800373583,0.2005125201723103,0.1538043066626187,0.1399021765192956,1.6,4.131578947368421,7,1,1.0890410958904109,0.0,9.4,0.3113077081262341,-0.2668803158430188,0.0020392876304923,1.0195569429739766,22.59600766499837,22.65659244855245,22.66751651410703,22.643496022905623,22.567323036193848,209,0.5789473684210527,49.55634891986847,0.8135952120906964,0.4689723443774587,22.469200134277344,22.647911071777344,0.1787109375
T2.8V_2025-08-05-17-08-09_20_30_10_,1_centerhole,1.37528,brick_cladding,10.0,2.8,12.0,265,0.0120966722107805,0.1351907910041099,0.0336050987243652,0.4442005157470703,23.046149928398854,0.4633371769576125,22.455442428588867,24.834409713745117,0.1949921237676593,0.1381326411985001,0.2245953110029113,0.5436078265895018,0.5068648329639793,51.20666666666666,58.8421052631579,62,1,1.0663983903420524,0.0,9.8,1.6801950037740148,2.162494836257804,0.0093875246585989,1.077594730178452,23.63264296605037,23.512570520242058,23.211083763524105,22.948998535735697,22.748829802688288,315,0.7142857142857143,61.455843567848206,0.8817173145632304,0.3848451529493116,22.74400329589844,23.182069778442383,0.4380664825439453
T2.8V_2025-08-05-17-08-09_20_30_10_,2_cornerhole,0.46901,brick_cladding,10.0,2.8,12.0,168,0.0139153872927028,0.1455026240575883,0.0226815541585286,0.2176589965820312,23.22124108155569,0.1463800530147522,22.867416381835938,23.740476608276367,0.3167058734367972,0.1996978914170049,0.3554859615507588,0.1935677562620451,0.1714340541170926,15.9,33.0,42,1,1.1313131313131313,0.0,9.6,0.71664770767012,0.1054883252049103,0.0049126755463337,1.022360369322943,23.571267551845978,23.508256639753068,23.400643201974724,23.253505065224388,23.20395092169444,195,1.1538461538461535,44.97056233882904,1.0439086811311662,0.3649654187927675,23.113754272460938,23.30492401123047,0.1911697387695312
T2.8V_2025-08-08-16-41-39_20_32_12_,1_centerhole,1.40613,brick_cladding,12.0,2.8,12.5,142,0.0220291087471186,0.2207785189991256,0.0328927721296037,0.2845458984375,22.907376597767147,0.3894802221117768,22.09697532653809,24.187623977661133,0.3791282875083639,0.2695461574966342,0.4077182017581542,0.42906760440853,0.4113206266901096,39.18,47.60526315789474,50,1,1.140562248995984,0.0,9.6,0.8917823291799123,-0.0155926709223139,0.0070592630323942,1.055887996359163,23.943893008761936,23.624098587036137,23.151778912544252,22.802051663398743,22.68137668609619,169,1.0,40.97056221961975,1.063051638448059,0.6147431841901142,22.617005348205566,23.154748916625977,0.5377435684204102
T2.8V_2025-08-08-16-41-39_20_32_12_,2_cornerhole,0.48081,brick_cladding,12.0,2.8,12.5,175,0.008087788226297,0.0799501255580352,0.019495373680478,0.0818996429443359,22.82367842189244,0.1300892343821054,22.48296546936035,23.34583854675293,0.1581030933121978,0.0995282910301557,0.1781314413888104,0.169483630015717,0.149865424699422,2.14,5.2105263157894735,8,1,1.0115606936416186,0.0,9.4,0.3590780782235652,-0.2394072665482798,0.0026689835944449,1.0228780004348308,22.90426144233117,22.97591275639004,22.90633710225423,22.859126719032847,22.816085357666015,260,0.65,54.041630029678345,0.7529931628044454,0.5125796433114119,22.730287551879883,22.908512115478516,0.1782245635986328
T2.8V_2025-08-05-16-58-47_20_34_14_,1_centerhole,1.37528,brick_cladding,14.0,2.8,12.0,239,0.0168796135719428,0.1745227430654878,0.0392357508341471,0.5120372772216797,22.996238988134152,0.4729571148879665,22.414154052734375,24.780681610107425,0.3193795836935284,0.2131387291859063,0.3493674050813951,0.5615420542628087,0.5229127043417582,52.913333333333334,64.21052631578948,69,1,1.076576576576577,0.0,9.6,1.6138105082578615,1.8741706748141136,0.0104293177314174,1.0775971506859894,23.782411135160007,23.545070091883343,23.144385621354388,22.863315246474578,22.711128437157832,285,0.7894736842105263,57.21320295333862,0.917519371132112,0.3745588858529653,22.675373077392575,23.15133285522461,0.4759597778320312
T2.8V_2025-08-05-16-58-47_20_34_14_,2_cornerhole,0.46901,brick_cladding,14.0,2.8,12.0,168,0.0169345747420215,0.1618151891799222,0.0308633985973539,0.313690185546875,22.997475167910256,0.1211224616389482,22.66164779663086,23.52294921875,0.3487810652357603,0.2217534361188382,0.386969884236656,0.1784056556628639,0.1509469909929487,15.04,34.63157894736842,42,1,1.108910891089109,0.0,9.2,0.7000926818277087,0.2715943269340455,0.0049730762098917,1.022849206141245,23.388991249932182,23.326338243484496,23.22519929409027,23.077316485918484,22.999523365751227,210,1.0714285714285714,45.79898953437805,1.0064851075916077,0.3603762527970794,22.908512115478516,23.072738647460938,0.1642265319824218
T3.0V_2025-08-05-16-42-45_20_26_6_,1_centerhole,1.5686,brick_cladding,6.0,3.0,15.3,269,0.0128198881279285,0.109974013828431,0.0256956191289992,0.1891632080078125,22.818864668239893,0.4107866073811053,22.20741271972656,24.444150924682617,0.145966677627457,0.1126408707667147,0.1741550119392911,0.4765662240998823,0.4457051441455608,45.6,51.81578947368421,56,1,1.0326295585412668,0.0,7.6,1.6780267664607476,2.1727823122784935,0.0067706685925458,1.0712255530707826,23.345808102534367,23.22390443086624,22.947506365023163,22.71764775771129,22.548950861085135,336,0.7619047619047619,64.62741661071777,0.8093354287460398,0.346153117818169,22.551727294921875,22.935903549194336,0.3841762542724609
T3.0V_2025-08-05-16-42-45_20_26_6_,2_cornerhole,0.54313,brick_cladding,6.0,3.0,15.3,174,0.0156738086678509,0.1579461481379347,0.0227416356404622,0.272989273071289,22.96120053850371,0.1211178802566998,22.647911071777344,23.400367736816406,0.2819620349950951,0.1926521739009689,0.3114920977888431,0.1645873751214265,0.1448856767480495,11.08,24.26315789473684,33,1,1.10828025477707,0.0,9.8,0.6618665808421761,0.0139296443605645,0.0040434694082737,1.0191264911247238,23.302633709377712,23.216519514719646,23.102772914446316,22.987637452911912,22.926987171173096,238,1.2142857142857142,46.87005722522736,0.9953324076708028,0.3733641272688811,22.867416381835938,23.03171157836914,0.1642951965332031
T3.0V_2025-08-05-16-23-46_20_30_10_,1_centerhole,1.5686,brick_cladding,10.0,3.0,15.3,226,0.0190973557064562,0.1888920269181255,0.0389225252213016,0.4159755706787109,23.134227970764695,0.5595306726904087,22.359067916870117,25.142837524414062,0.3436796439765621,0.2338282360650812,0.3842889481941185,0.6308675768557384,0.6001748520263224,56.38666666666666,67.3157894736842,71,1,1.099756690997567,0.0,9.8,1.511917681039874,1.5290070719326492,0.0098540978863811,1.0868241445613702,24.52567504002498,23.913245482878253,23.26668393611908,22.8775898982317,22.74500377089889,266,0.7368421052631579,54.97056245803833,0.939848692987989,0.4231801285613077,22.74400329589844,23.332202911376953,0.5881996154785156
T3.0V_2025-08-05-16-23-46_20_30_10_,2_cornerhole,0.54313,brick_cladding,10.0,3.0,15.3,166,0.0154156887463249,0.1554004025746529,0.0298225879669189,0.19085693359375,23.02106247522745,0.1260076241616933,22.66164779663086,23.55016708374023,0.3112465151518899,0.1984371870109831,0.3413384334150571,0.1854948426703376,0.1583493027175191,14.38,31.710526315789473,37,1,1.1140939597315436,0.0,9.4,0.6659990905782823,0.2474820684129679,0.0053673574690178,1.0229835008302568,23.435177061292865,23.3553081035614,23.24602963924408,23.09270607508146,22.993377494812012,210,1.0714285714285714,45.21320307254791,1.0204398299707456,0.3625306355519539,22.922208786010746,23.100088119506836,0.1778793334960937
T3.0V_2025-08-08-16-20-12_20_32_12_,1_centerhole,1.53512,brick_cladding,12.0,3.0,14.7,150,0.0135708938410252,0.1567842610677061,0.0288529829545454,0.3808498382568359,22.601447543589273,0.3737570342475063,21.875717163085938,23.78121757507324,0.2864204309697719,0.1944801143222367,0.3077224731445298,0.4303473682902674,0.4063062318137057,35.193333333333335,42.71052631578947,47,1,1.1152416356877324,0.0,9.8,1.0062901644624522,0.087687800629391,0.0080373386045039,1.0521988704134395,23.630189577738445,23.221592256001063,22.79311379790306,22.434392459808834,22.37282106611464,195,0.8666666666666667,43.21320295333862,1.0094114074842262,0.4013756149388308,22.31772804260254,22.840003967285156,0.5222759246826172
T3.0V_2025-08-08-16-20-12_20_32_12_,2_cornerhole,0.53027,brick_cladding,12.0,3.0,14.7,145,0.0060764098989551,0.0687956579800328,0.011942490287449,0.1373310089111328,22.46353999881087,0.0739345129938198,22.20741271972656,22.74400329589844,0.1705325664928741,0.1072035709249569,0.1918254720753651,0.1058613985320593,0.0897280168975233,0.0333333333333333,0.131578947368421,1,1,1.1196911196911197,0.0,9.4,0.3350950847152529,0.0743687991994956,0.002209826275063,1.0124852671084974,22.650943120320637,22.603978531701223,22.54826256632805,22.497976338421857,22.459497278386895,176,0.6875,44.14213538169861,0.9351282766039996,0.253658520300453,22.414154052734375,22.510469436645508,0.0963153839111328
T3.0V_2025-08-05-16-13-44_20_34_14_,1_centerhole,1.5686,brick_cladding,14.0,3.0,15.3,239,0.0234355766902908,0.2418117203971839,0.050635019938151,0.5497303009033203,22.999462542513925,0.625792642382524,22.248804092407227,25.356828689575195,0.417835812714625,0.2861520039386834,0.470543729710279,0.7247092468832305,0.6830604933566927,63.39333333333333,76.8157894736842,84,1,1.109048723897912,0.0,9.8,1.6258070518937404,1.9136190209383477,0.0123288148932601,1.1024965754179576,24.18709432161771,23.779414474964145,23.149659545798052,22.767757898966472,22.58606059462936,266,0.7368421052631579,57.31370830535889,0.9143042676103172,0.468377828078566,22.57921981811523,23.19573402404785,0.6165142059326172
T3.0V_2025-08-05-16-13-44_20_34_14_,2_cornerhole,0.54313,brick_cladding,14.0,3.0,15.3,165,0.021254816096583,0.2201055353338077,0.0341439247131347,0.3413562774658203,22.840090501958674,0.1341439889101971,22.455442428588867,23.441251754760746,0.448521610424279,0.2842934542569248,0.5052523641875304,0.1983201207948776,0.1691834876447208,27.593333333333337,57.578947368421055,73,1,1.1111111111111112,0.0,9.6,0.7839193271920973,0.355844645688868,0.0061487912058014,1.0263204409260338,23.31247552235921,23.21918535232544,23.102746033668517,22.94074711432824,22.84979620846835,210,1.0714285714285714,45.21320295333862,1.01429260742793,0.3985686481394262,22.730287551879883,22.922208786010746,0.1919212341308593
